0|15129|56715536|2f c2 39 44 d3 16 7d b8 b7 aa 01 6c db 7e c5 60 3f 92 c9 94 e3 e6 0d 08 c7 7a 91 bc eb 4e 55 b0 |-52
1|27295|56727225|3c 6b ce d5 30 cf e2 d9 64 73 36 1d d8 57 ca a1 8c 7b 9e 65 80 df b2 69 b4 83 06 ad 28 67 9a 31 |-51
3|51710|56752617|56 bd f8 f7 ea 41 ac 1b be 05 a0 7f d2 09 d4 23 26 4d 48 07 ba d1 fc 2b 8e 95 f0 8f a2 99 24 33 |-52
5|76125|56776055|70 0f 22 19 a4 b3 76 5d 18 97 0a e1 cc bb de a5 c0 1f f2 a9 f4 c3 46 ed 68 a7 da 71 1c cb ae 35 |-51
6|88332|56788751|7d b8 b7 aa 01 6c db 7e c5 60 3f 92 c9 94 e3 e6 0d 08 c7 7a 91 bc eb 4e 55 b0 4f 62 59 e4 f3 b6 |-51
7|100540|56800470|8a 61 4c 3b 5e 25 40 9f 72 29 74 43 c6 6d e8 27 5a f1 9c 4b 2e b5 90 af 42 b9 c4 53 96 fd 38 37 |-50
8|112747|56812189|97 0a e1 cc bb de a5 c0 1f f2 a9 f4 c3 46 ed 68 a7 da 71 1c cb ae 35 10 2f c2 39 44 d3 16 7d b8 |-50
9|124954|56824885|a4 b3 76 5d 18 97 0a e1 cc bb de a5 c0 1f f2 a9 f4 c3 46 ed 68 a7 da 71 1c cb ae 35 10 2f c2 39 |-49
10|137162|56838557|b1 5c 0b ee 75 50 6f 02 79 84 13 56 bd f8 f7 ea 41 ac 1b be 05 a0 7f d2 09 d4 23 26 4d 48 07 ba |-50
11|149369|56847840|be 05 a0 7f d2 09 d4 23 26 4d 48 07 ba d1 fc 2b 8e 95 f0 8f a2 99 24 33 f6 dd 98 17 8a 61 4c 3b |-50
12|161576|56860530|cb ae 35 10 2f c2 39 44 d3 16 7d b8 b7 aa 01 6c db 7e c5 60 3f 92 c9 94 e3 e6 0d 08 c7 7a 91 bc |-50
13|173784|56873714|d8 57 ca a1 8c 7b 9e 65 80 df b2 69 b4 83 06 ad 28 67 9a 31 dc 8b 6e f5 d0 ef 82 f9 04 93 d6 3d |-52
14|185991|56885433|e5 00 5f 32 e9 34 03 86 2d a8 e7 1a b1 5c 0b ee 75 50 6f 02 79 84 13 56 bd f8 f7 ea 41 ac 1b be |-51
15|198199|56898617|f2 a9 f4 c3 46 ed 68 a7 da 71 1c cb ae 35 10 2f c2 39 44 d3 16 7d b8 b7 aa 01 6c db 7e c5 60 3f |-51
16|210406|56910337|2f c2 39 44 d3 16 7d b8 b7 aa 01 6c db 7e c5 60 3f 92 c9 94 e3 e6 0d 08 c7 7a 91 bc eb 4e 55 b0 |-51
17|222613|56923032|3c 6b ce d5 30 cf e2 d9 64 73 36 1d d8 57 ca a1 8c 7b 9e 65 80 df b2 69 b4 83 06 ad 28 67 9a 31 |-51
18|234821|56933775|49 14 63 66 8d 88 47 fa 11 3c 6b ce d5 30 cf e2 d9 64 73 36 1d d8 57 ca a1 8c 7b 9e 65 80 df b2 |-51
19|247028|56947447|56 bd f8 f7 ea 41 ac 1b be 05 a0 7f d2 09 d4 23 26 4d 48 07 ba d1 fc 2b 8e 95 f0 8f a2 99 24 33 |-51
20|259236|56965514|63 66 8d 88 47 fa 11 3c 6b ce d5 30 cf e2 d9 64 73 36 1d d8 57 ca a1 8c 7b 9e 65 80 df b2 69 b4 |-52
21|271443|56972839|70 0f 22 19 a4 b3 76 5d 18 97 0a e1 cc bb de a5 c0 1f f2 a9 f4 c3 46 ed 68 a7 da 71 1c cb ae 35 |-52
22|283650|56985046|7d b8 b7 aa 01 6c db 7e c5 60 3f 92 c9 94 e3 e6 0d 08 c7 7a 91 bc eb 4e 55 b0 4f 62 59 e4 f3 b6 |-52
23|295858|56994812|8a 61 4c 3b 5e 25 40 9f 72 29 74 43 c6 6d e8 27 5a f1 9c 4b 2e b5 90 af 42 b9 c4 53 96 fd 38 37 |-54
24|308065|57008484|97 0a e1 cc bb de a5 c0 1f f2 a9 f4 c3 46 ed 68 a7 da 71 1c cb ae 35 10 2f c2 39 44 d3 16 7d b8 |-52
25|320272|57021180|a4 b3 76 5d 18 97 0a e1 cc bb de a5 c0 1f f2 a9 f4 c3 46 ed 68 a7 da 71 1c cb ae 35 10 2f c2 39 |-52
26|332480|57031434|b1 5c 0b ee 75 50 6f 02 79 84 13 56 bd f8 f7 ea 41 ac 1b be 05 a0 7f d2 09 d4 23 26 4d 48 07 ba |-52
27|344687|57043642|be 05 a0 7f d2 09 d4 23 26 4d 48 07 ba d1 fc 2b 8e 95 f0 8f a2 99 24 33 f6 dd 98 17 8a 61 4c 3b |-52
28|356895|57055366|cb ae 35 10 2f c2 39 44 d3 16 7d b8 b7 aa 01 6c db 7e c5 60 3f 92 c9 94 e3 e6 0d 08 c7 7a 91 bc |-52
29|369102|57070498|d8 57 ca a1 8c 7b 9e 65 80 df b2 69 b4 83 06 ad 28 67 9a 31 dc 8b 6e f5 d0 ef 82 f9 04 93 d6 3d |-52
30|381309|57081241|e5 00 5f 32 e9 34 03 86 2d a8 e7 1a b1 5c 0b ee 75 50 6f 02 79 84 13 56 bd f8 f7 ea 41 ac 1b be |-52
31|393517|57091989|f2 a9 f4 c3 46 ed 68 a7 da 71 1c cb ae 35 10 2f c2 39 44 d3 16 7d b8 b7 aa 01 6c db 7e c5 60 3f |-52
33|417931|57116404|dc 8b 6e f5 d0 ef 82 f9 04 93 d6 3d 78 77 6a c1 2c 9b 3e 85 20 ff 52 89 54 a3 a6 cd c8 87 3a 51 |-52
35|442346|57142766|f6 dd 98 17 8a 61 4c 3b 5e 25 40 9f 72 29 74 43 c6 6d e8 27 5a f1 9c 4b 2e b5 90 af 42 b9 c4 53 |-52
36|454554|57154974|03 86 2d a8 e7 1a b1 5c 0b ee 75 50 6f 02 79 84 13 56 bd f8 f7 ea 41 ac 1b be 05 a0 7f d2 09 d4 |-52
37|466761|57166204|10 2f c2 39 44 d3 16 7d b8 b7 aa 01 6c db 7e c5 60 3f 92 c9 94 e3 e6 0d 08 c7 7a 91 bc eb 4e 55 |-52
40|503383|57204780|37 2a 81 ec 5b fe 45 e0 bf 12 49 14 63 66 8d 88 47 fa 11 3c 6b ce d5 30 cf e2 d9 64 73 36 1d d8 |-52
42|527798|57226753|51 7c ab 0e 15 70 0f 22 19 a4 b3 76 5d 18 97 0a e1 cc bb de a5 c0 1f f2 a9 f4 c3 46 ed 68 a7 da |-52
43|540005|57238961|5e 25 40 9f 72 29 74 43 c6 6d e8 27 5a f1 9c 4b 2e b5 90 af 42 b9 c4 53 96 fd 38 37 2a 81 ec 5b |-52
44|552213|57250685|6b ce d5 30 cf e2 d9 64 73 36 1d d8 57 ca a1 8c 7b 9e 65 80 df b2 69 b4 83 06 ad 28 67 9a 31 dc |-52
45|564420|57263864|78 77 6a c1 2c 9b 3e 85 20 ff 52 89 54 a3 a6 cd c8 87 3a 51 7c ab 0e 15 70 0f 22 19 a4 b3 76 5d |-52
46|576627|57278025|85 20 ff 52 89 54 a3 a6 cd c8 87 3a 51 7c ab 0e 15 70 0f 22 19 a4 b3 76 5d 18 97 0a e1 cc bb de |-52
47|588835|57290232|92 c9 94 e3 e6 0d 08 c7 7a 91 bc eb 4e 55 b0 4f 62 59 e4 f3 b6 9d 58 d7 4a 21 0c fb 1e e5 00 5f |-52
48|601042|57301951|cf e2 d9 64 73 36 1d d8 57 ca a1 8c 7b 9e 65 80 df b2 69 b4 83 06 ad 28 67 9a 31 dc 8b 6e f5 d0 |-52
49|613250|57313670|dc 8b 6e f5 d0 ef 82 f9 04 93 d6 3d 78 77 6a c1 2c 9b 3e 85 20 ff 52 89 54 a3 a6 cd c8 87 3a 51 |-52
50|625457|57324413|e9 34 03 86 2d a8 e7 1a b1 5c 0b ee 75 50 6f 02 79 84 13 56 bd f8 f7 ea 41 ac 1b be 05 a0 7f d2 |-52
51|637664|57338085|f6 dd 98 17 8a 61 4c 3b 5e 25 40 9f 72 29 74 43 c6 6d e8 27 5a f1 9c 4b 2e b5 90 af 42 b9 c4 53 |-52
52|649872|57349316|03 86 2d a8 e7 1a b1 5c 0b ee 75 50 6f 02 79 84 13 56 bd f8 f7 ea 41 ac 1b be 05 a0 7f d2 09 d4 |-52
53|662079|57363477|10 2f c2 39 44 d3 16 7d b8 b7 aa 01 6c db 7e c5 60 3f 92 c9 94 e3 e6 0d 08 c7 7a 91 bc eb 4e 55 |-52
54|674286|57375684|1d d8 57 ca a1 8c 7b 9e 65 80 df b2 69 b4 83 06 ad 28 67 9a 31 dc 8b 6e f5 d0 ef 82 f9 04 93 d6 |-52
55|686494|57385450|2a 81 ec 5b fe 45 e0 bf 12 49 14 63 66 8d 88 47 fa 11 3c 6b ce d5 30 cf e2 d9 64 73 36 1d d8 57 |-52
56|698701|57397657|37 2a 81 ec 5b fe 45 e0 bf 12 49 14 63 66 8d 88 47 fa 11 3c 6b ce d5 30 cf e2 d9 64 73 36 1d d8 |-52
57|710909|57411330|44 d3 16 7d b8 b7 aa 01 6c db 7e c5 60 3f 92 c9 94 e3 e6 0d 08 c7 7a 91 bc eb 4e 55 b0 4f 62 59 |-52
58|723116|57424514|51 7c ab 0e 15 70 0f 22 19 a4 b3 76 5d 18 97 0a e1 cc bb de a5 c0 1f f2 a9 f4 c3 46 ed 68 a7 da |-52
59|735323|57435745|5e 25 40 9f 72 29 74 43 c6 6d e8 27 5a f1 9c 4b 2e b5 90 af 42 b9 c4 53 96 fd 38 37 2a 81 ec 5b |-52
60|747531|57447464|6b ce d5 30 cf e2 d9 64 73 36 1d d8 57 ca a1 8c 7b 9e 65 80 df b2 69 b4 83 06 ad 28 67 9a 31 dc |-52
61|759738|57459671|78 77 6a c1 2c 9b 3e 85 20 ff 52 89 54 a3 a6 cd c8 87 3a 51 7c ab 0e 15 70 0f 22 19 a4 b3 76 5d |-52
62|771946|57470419|85 20 ff 52 89 54 a3 a6 cd c8 87 3a 51 7c ab 0e 15 70 0f 22 19 a4 b3 76 5d 18 97 0a e1 cc bb de |-52
63|784153|57482627|92 c9 94 e3 e6 0d 08 c7 7a 91 bc eb 4e 55 b0 4f 62 59 e4 f3 b6 9d 58 d7 4a 21 0c fb 1e e5 00 5f |-52
65|808568|57508989|7c ab 0e 15 70 0f 22 19 a4 b3 76 5d 18 97 0a e1 cc bb de a5 c0 1f f2 a9 f4 c3 46 ed 68 a7 da 71 |-52
66|820775|57519732|89 54 a3 a6 cd c8 87 3a 51 7c ab 0e 15 70 0f 22 19 a4 b3 76 5d 18 97 0a e1 cc bb de a5 c0 1f f2 |-52
67|832982|57534381|96 fd 38 37 2a 81 ec 5b fe 45 e0 bf 12 49 14 63 66 8d 88 47 fa 11 3c 6b ce d5 30 cf e2 d9 64 73 |-51
68|845190|57546588|a3 a6 cd c8 87 3a 51 7c ab 0e 15 70 0f 22 19 a4 b3 76 5d 18 97 0a e1 cc bb de a5 c0 1f f2 a9 f4 |-51
69|857397|57558307|b0 4f 62 59 e4 f3 b6 9d 58 d7 4a 21 0c fb 1e e5 00 5f 32 e9 34 03 86 2d a8 e7 1a b1 5c 0b ee 75 |-51
70|869605|57570026|bd f8 f7 ea 41 ac 1b be 05 a0 7f d2 09 d4 23 26 4d 48 07 ba d1 fc 2b 8e 95 f0 8f a2 99 24 33 f6 |-51
71|881812|57582722|ca a1 8c 7b 9e 65 80 df b2 69 b4 83 06 ad 28 67 9a 31 dc 8b 6e f5 d0 ef 82 f9 04 93 d6 3d 78 77 |-50
72|894019|57594441|d7 4a 21 0c fb 1e e5 00 5f 32 e9 34 03 86 2d a8 e7 1a b1 5c 0b ee 75 50 6f 02 79 84 13 56 bd f8 |-50
73|906227|57604701|e4 f3 b6 9d 58 d7 4a 21 0c fb 1e e5 00 5f 32 e9 34 03 86 2d a8 e7 1a b1 5c 0b ee 75 50 6f 02 79 |-49
74|918434|57619833|f1 9c 4b 2e b5 90 af 42 b9 c4 53 96 fd 38 37 2a 81 ec 5b fe 45 e0 bf 12 49 14 63 66 8d 88 47 fa |-49
75|930642|57630087|fe 45 e0 bf 12 49 14 63 66 8d 88 47 fa 11 3c 6b ce d5 30 cf e2 d9 64 73 36 1d d8 57 ca a1 8c 7b |-49
76|942849|57642294|0b ee 75 50 6f 02 79 84 13 56 bd f8 f7 ea 41 ac 1b be 05 a0 7f d2 09 d4 23 26 4d 48 07 ba d1 fc |-49
77|955056|57653531|18 97 0a e1 cc bb de a5 c0 1f f2 a9 f4 c3 46 ed 68 a7 da 71 1c cb ae 35 10 2f c2 39 44 d3 16 7d |-50
78|967264|57665738|25 40 9f 72 29 74 43 c6 6d e8 27 5a f1 9c 4b 2e b5 90 af 42 b9 c4 53 96 fd 38 37 2a 81 ec 5b fe |-50
79|979471|57679405|32 e9 34 03 86 2d a8 e7 1a b1 5c 0b ee 75 50 6f 02 79 84 13 56 bd f8 f7 ea 41 ac 1b be 05 a0 7f |-50
80|991678|57698449|6f 02 79 84 13 56 bd f8 f7 ea 41 ac 1b be 05 a0 7f d2 09 d4 23 26 4d 48 07 ba d1 fc 2b 8e 95 f0 |-50
81|1003886|57703332|7c ab 0e 15 70 0f 22 19 a4 b3 76 5d 18 97 0a e1 cc bb de a5 c0 1f f2 a9 f4 c3 46 ed 68 a7 da 71 |-50
82|1016093|57715539|89 54 a3 a6 cd c8 87 3a 51 7c ab 0e 15 70 0f 22 19 a4 b3 76 5d 18 97 0a e1 cc bb de a5 c0 1f f2 |-50
83|1028301|57729211|96 fd 38 37 2a 81 ec 5b fe 45 e0 bf 12 49 14 63 66 8d 88 47 fa 11 3c 6b ce d5 30 cf e2 d9 64 73 |-50
84|1040508|57740930|a3 a6 cd c8 87 3a 51 7c ab 0e 15 70 0f 22 19 a4 b3 76 5d 18 97 0a e1 cc bb de a5 c0 1f f2 a9 f4 |-50
86|1064923|57766322|bd f8 f7 ea 41 ac 1b be 05 a0 7f d2 09 d4 23 26 4d 48 07 ba d1 fc 2b 8e 95 f0 8f a2 99 24 33 f6 |-50
88|1089337|57788295|d7 4a 21 0c fb 1e e5 00 5f 32 e9 34 03 86 2d a8 e7 1a b1 5c 0b ee 75 50 6f 02 79 84 13 56 bd f8 |-50
89|1101545|57801479|e4 f3 b6 9d 58 d7 4a 21 0c fb 1e e5 00 5f 32 e9 34 03 86 2d a8 e7 1a b1 5c 0b ee 75 50 6f 02 79 |-50
90|1113752|57813687|f1 9c 4b 2e b5 90 af 42 b9 c4 53 96 fd 38 37 2a 81 ec 5b fe 45 e0 bf 12 49 14 63 66 8d 88 47 fa |-50
91|1125960|57825406|fe 45 e0 bf 12 49 14 63 66 8d 88 47 fa 11 3c 6b ce d5 30 cf e2 d9 64 73 36 1d d8 57 ca a1 8c 7b |-50
92|1138167|57838590|0b ee 75 50 6f 02 79 84 13 56 bd f8 f7 ea 41 ac 1b be 05 a0 7f d2 09 d4 23 26 4d 48 07 ba d1 fc |-50
93|1150374|57850797|18 97 0a e1 cc bb de a5 c0 1f f2 a9 f4 c3 46 ed 68 a7 da 71 1c cb ae 35 10 2f c2 39 44 d3 16 7d |-50
94|1162582|57863493|25 40 9f 72 29 74 43 c6 6d e8 27 5a f1 9c 4b 2e b5 90 af 42 b9 c4 53 96 fd 38 37 2a 81 ec 5b fe |-50
95|1174789|57875212|32 e9 34 03 86 2d a8 e7 1a b1 5c 0b ee 75 50 6f 02 79 84 13 56 bd f8 f7 ea 41 ac 1b be 05 a0 7f |-50
96|1186997|57888885|0f 22 19 a4 b3 76 5d 18 97 0a e1 cc bb de a5 c0 1f f2 a9 f4 c3 46 ed 68 a7 da 71 1c cb ae 35 10 |-50
97|1199204|57899139|1c cb ae 35 10 2f c2 39 44 d3 16 7d b8 b7 aa 01 6c db 7e c5 60 3f 92 c9 94 e3 e6 0d 08 c7 7a 91 |-50
98|1211411|57911835|29 74 43 c6 6d e8 27 5a f1 9c 4b 2e b5 90 af 42 b9 c4 53 96 fd 38 37 2a 81 ec 5b fe 45 e0 bf 12 |-50
99|1223619|57924042|36 1d d8 57 ca a1 8c 7b 9e 65 80 df b2 69 b4 83 06 ad 28 67 9a 31 dc 8b 6e f5 d0 ef 82 f9 04 93 |-50
100|1235826|57935761|43 c6 6d e8 27 5a f1 9c 4b 2e b5 90 af 42 b9 c4 53 96 fd 38 37 2a 81 ec 5b fe 45 e0 bf 12 49 14 |-50
101|1248033|57947480|50 6f 02 79 84 13 56 bd f8 f7 ea 41 ac 1b be 05 a0 7f d2 09 d4 23 26 4d 48 07 ba d1 fc 2b 8e 95 |-50
102|1260241|57961153|5d 18 97 0a e1 cc bb de a5 c0 1f f2 a9 f4 c3 46 ed 68 a7 da 71 1c cb ae 35 10 2f c2 39 44 d3 16 |-50
103|1272448|57972872|6a c1 2c 9b 3e 85 20 ff 52 89 54 a3 a6 cd c8 87 3a 51 7c ab 0e 15 70 0f 22 19 a4 b3 76 5d 18 97 |-50
104|1284656|57985079|77 6a c1 2c 9b 3e 85 20 ff 52 89 54 a3 a6 cd c8 87 3a 51 7c ab 0e 15 70 0f 22 19 a4 b3 76 5d 18 |-50
105|1296863|57997287|84 13 56 bd f8 f7 ea 41 ac 1b be 05 a0 7f d2 09 d4 23 26 4d 48 07 ba d1 fc 2b 8e 95 f0 8f a2 99 |-50
106|1309070|58009006|91 bc eb 4e 55 b0 4f 62 59 e4 f3 b6 9d 58 d7 4a 21 0c fb 1e e5 00 5f 32 e9 34 03 86 2d a8 e7 1a |-50
107|1321278|58022678|9e 65 80 df b2 69 b4 83 06 ad 28 67 9a 31 dc 8b 6e f5 d0 ef 82 f9 04 93 d6 3d 78 77 6a c1 2c 9b |-50
108|1333485|58034397|ab 0e 15 70 0f 22 19 a4 b3 76 5d 18 97 0a e1 cc bb de a5 c0 1f f2 a9 f4 c3 46 ed 68 a7 da 71 1c |-50
109|1345693|58046116|b8 b7 aa 01 6c db 7e c5 60 3f 92 c9 94 e3 e6 0d 08 c7 7a 91 bc eb 4e 55 b0 4f 62 59 e4 f3 b6 9d |-50
111|1370107|58071020|d2 09 d4 23 26 4d 48 07 ba d1 fc 2b 8e 95 f0 8f a2 99 24 33 f6 dd 98 17 8a 61 4c 3b 5e 25 40 9f |-50
112|1382315|58082739|0f 22 19 a4 b3 76 5d 18 97 0a e1 cc bb de a5 c0 1f f2 a9 f4 c3 46 ed 68 a7 da 71 1c cb ae 35 10 |-50
113|1394522|58094458|1c cb ae 35 10 2f c2 39 44 d3 16 7d b8 b7 aa 01 6c db 7e c5 60 3f 92 c9 94 e3 e6 0d 08 c7 7a 91 |-50
114|1406729|58107154|29 74 43 c6 6d e8 27 5a f1 9c 4b 2e b5 90 af 42 b9 c4 53 96 fd 38 37 2a 81 ec 5b fe 45 e0 bf 12 |-50
115|1418937|58117896|36 1d d8 57 ca a1 8c 7b 9e 65 80 df b2 69 b4 83 06 ad 28 67 9a 31 dc 8b 6e f5 d0 ef 82 f9 04 93 |-50
116|1431144|58130104|43 c6 6d e8 27 5a f1 9c 4b 2e b5 90 af 42 b9 c4 53 96 fd 38 37 2a 81 ec 5b fe 45 e0 bf 12 49 14 |-50
117|1443352|58144752|50 6f 02 79 84 13 56 bd f8 f7 ea 41 ac 1b be 05 a0 7f d2 09 d4 23 26 4d 48 07 ba d1 fc 2b 8e 95 |-50
118|1455559|58154518|5d 18 97 0a e1 cc bb de a5 c0 1f f2 a9 f4 c3 46 ed 68 a7 da 71 1c cb ae 35 10 2f c2 39 44 d3 16 |-50
119|1467766|58167214|6a c1 2c 9b 3e 85 20 ff 52 89 54 a3 a6 cd c8 87 3a 51 7c ab 0e 15 70 0f 22 19 a4 b3 76 5d 18 97 |-50
120|1479974|58181375|77 6a c1 2c 9b 3e 85 20 ff 52 89 54 a3 a6 cd c8 87 3a 51 7c ab 0e 15 70 0f 22 19 a4 b3 76 5d 18 |-50
121|1492181|58191629|84 13 56 bd f8 f7 ea 41 ac 1b be 05 a0 7f d2 09 d4 23 26 4d 48 07 ba d1 fc 2b 8e 95 f0 8f a2 99 |-50
122|1504388|58204325|91 bc eb 4e 55 b0 4f 62 59 e4 f3 b6 9d 58 d7 4a 21 0c fb 1e e5 00 5f 32 e9 34 03 86 2d a8 e7 1a |-50
123|1516596|58217509|9e 65 80 df b2 69 b4 83 06 ad 28 67 9a 31 dc 8b 6e f5 d0 ef 82 f9 04 93 d6 3d 78 77 6a c1 2c 9b |-50
124|1528803|58229228|ab 0e 15 70 0f 22 19 a4 b3 76 5d 18 97 0a e1 cc bb de a5 c0 1f f2 a9 f4 c3 46 ed 68 a7 da 71 1c |-50
125|1541011|58239488|b8 b7 aa 01 6c db 7e c5 60 3f 92 c9 94 e3 e6 0d 08 c7 7a 91 bc eb 4e 55 b0 4f 62 59 e4 f3 b6 9d |-50
126|1553218|58252178|c5 60 3f 92 c9 94 e3 e6 0d 08 c7 7a 91 bc eb 4e 55 b0 4f 62 59 e4 f3 b6 9d 58 d7 4a 21 0c fb 1e |-50
127|1565425|58263902|d2 09 d4 23 26 4d 48 07 ba d1 fc 2b 8e 95 f0 8f a2 99 24 33 f6 dd 98 17 8a 61 4c 3b 5e 25 40 9f |-49
128|1577633|58278058|af 42 b9 c4 53 96 fd 38 37 2a 81 ec 5b fe 45 e0 bf 12 49 14 63 66 8d 88 47 fa 11 3c 6b ce d5 30 |-49
129|1589840|58289289|bc eb 4e 55 b0 4f 62 59 e4 f3 b6 9d 58 d7 4a 21 0c fb 1e e5 00 5f 32 e9 34 03 86 2d a8 e7 1a b1 |-49
130|1602048|58302961|c9 94 e3 e6 0d 08 c7 7a 91 bc eb 4e 55 b0 4f 62 59 e4 f3 b6 9d 58 d7 4a 21 0c fb 1e e5 00 5f 32 |-49
131|1614255|58314680|d6 3d 78 77 6a c1 2c 9b 3e 85 20 ff 52 89 54 a3 a6 cd c8 87 3a 51 7c ab 0e 15 70 0f 22 19 a4 b3 |-49
132|1626462|58325911|e3 e6 0d 08 c7 7a 91 bc eb 4e 55 b0 4f 62 59 e4 f3 b6 9d 58 d7 4a 21 0c fb 1e e5 00 5f 32 e9 34 |-49
133|1638670|58340071|f0 8f a2 99 24 33 f6 dd 98 17 8a 61 4c 3b 5e 25 40 9f 72 29 74 43 c6 6d e8 27 5a f1 9c 4b 2e b5 |-49
134|1650877|58349355|fd 38 37 2a 81 ec 5b fe 45 e0 bf 12 49 14 63 66 8d 88 47 fa 11 3c 6b ce d5 30 cf e2 d9 64 73 36 |-49
135|1663084|58362045|0a e1 cc bb de a5 c0 1f f2 a9 f4 c3 46 ed 68 a7 da 71 1c cb ae 35 10 2f c2 39 44 d3 16 7d b8 b7 |-49
136|1675292|58374741|17 8a 61 4c 3b 5e 25 40 9f 72 29 74 43 c6 6d e8 27 5a f1 9c 4b 2e b5 90 af 42 b9 c4 53 96 fd 38 |-49
137|1687499|58386948|24 33 f6 dd 98 17 8a 61 4c 3b 5e 25 40 9f 72 29 74 43 c6 6d e8 27 5a f1 9c 4b 2e b5 90 af 42 b9 |-49
138|1699707|58398184|31 dc 8b 6e f5 d0 ef 82 f9 04 93 d6 3d 78 77 6a c1 2c 9b 3e 85 20 ff 52 89 54 a3 a6 cd c8 87 3a |-49
141|1736329|58435289|58 d7 4a 21 0c fb 1e e5 00 5f 32 e9 34 03 86 2d a8 e7 1a b1 5c 0b ee 75 50 6f 02 79 84 13 56 bd |-49
142|1748536|58448473|65 80 df b2 69 b4 83 06 ad 28 67 9a 31 dc 8b 6e f5 d0 ef 82 f9 04 93 d6 3d 78 77 6a c1 2c 9b 3e |-49
144|1772951|58473377|af 42 b9 c4 53 96 fd 38 37 2a 81 ec 5b fe 45 e0 bf 12 49 14 63 66 8d 88 47 fa 11 3c 6b ce d5 30 |-49
145|1785158|58485584|bc eb 4e 55 b0 4f 62 59 e4 f3 b6 9d 58 d7 4a 21 0c fb 1e e5 00 5f 32 e9 34 03 86 2d a8 e7 1a b1 |-49
146|1797366|58496327|c9 94 e3 e6 0d 08 c7 7a 91 bc eb 4e 55 b0 4f 62 59 e4 f3 b6 9d 58 d7 4a 21 0c fb 1e e5 00 5f 32 |-49
147|1809573|58509511|d6 3d 78 77 6a c1 2c 9b 3e 85 20 ff 52 89 54 a3 a6 cd c8 87 3a 51 7c ab 0e 15 70 0f 22 19 a4 b3 |-49
148|1821780|58522206|e3 e6 0d 08 c7 7a 91 bc eb 4e 55 b0 4f 62 59 e4 f3 b6 9d 58 d7 4a 21 0c fb 1e e5 00 5f 32 e9 34 |-49
149|1833988|58538320|f0 8f a2 99 24 33 f6 dd 98 17 8a 61 4c 3b 5e 25 40 9f 72 29 74 43 c6 6d e8 27 5a f1 9c 4b 2e b5 |-49
150|1846195|58546133|fd 38 37 2a 81 ec 5b fe 45 e0 bf 12 49 14 63 66 8d 88 47 fa 11 3c 6b ce d5 30 cf e2 d9 64 73 36 |-49
152|1870610|58569088|17 8a 61 4c 3b 5e 25 40 9f 72 29 74 43 c6 6d e8 27 5a f1 9c 4b 2e b5 90 af 42 b9 c4 53 96 fd 38 |-50
153|1882817|58584220|24 33 f6 dd 98 17 8a 61 4c 3b 5e 25 40 9f 72 29 74 43 c6 6d e8 27 5a f1 9c 4b 2e b5 90 af 42 b9 |-50
154|1895025|58593986|31 dc 8b 6e f5 d0 ef 82 f9 04 93 d6 3d 78 77 6a c1 2c 9b 3e 85 20 ff 52 89 54 a3 a6 cd c8 87 3a |-49
155|1907232|58606194|3e 85 20 ff 52 89 54 a3 a6 cd c8 87 3a 51 7c ab 0e 15 70 0f 22 19 a4 b3 76 5d 18 97 0a e1 cc bb |-50
157|1931647|58631585|58 d7 4a 21 0c fb 1e e5 00 5f 32 e9 34 03 86 2d a8 e7 1a b1 5c 0b ee 75 50 6f 02 79 84 13 56 bd |-49
158|1943854|58643792|65 80 df b2 69 b4 83 06 ad 28 67 9a 31 dc 8b 6e f5 d0 ef 82 f9 04 93 d6 3d 78 77 6a c1 2c 9b 3e |-49
159|1956062|58656488|72 29 74 43 c6 6d e8 27 5a f1 9c 4b 2e b5 90 af 42 b9 c4 53 96 fd 38 37 2a 81 ec 5b fe 45 e0 bf |-49
160|1968269|58669184|4f 62 59 e4 f3 b6 9d 58 d7 4a 21 0c fb 1e e5 00 5f 32 e9 34 03 86 2d a8 e7 1a b1 5c 0b ee 75 50 |-49
161|1980476|58678955|5c 0b ee 75 50 6f 02 79 84 13 56 bd f8 f7 ea 41 ac 1b be 05 a0 7f d2 09 d4 23 26 4d 48 07 ba d1 |-49
162|1992684|58694087|69 b4 83 06 ad 28 67 9a 31 dc 8b 6e f5 d0 ef 82 f9 04 93 d6 3d 78 77 6a c1 2c 9b 3e 85 20 ff 52 |-49
163|2004891|58703853|76 5d 18 97 0a e1 cc bb de a5 c0 1f f2 a9 f4 c3 46 ed 68 a7 da 71 1c cb ae 35 10 2f c2 39 44 d3 |-49
164|2017099|58715578|83 06 ad 28 67 9a 31 dc 8b 6e f5 d0 ef 82 f9 04 93 d6 3d 78 77 6a c1 2c 9b 3e 85 20 ff 52 89 54 |-49
165|2029306|58729733|90 af 42 b9 c4 53 96 fd 38 37 2a 81 ec 5b fe 45 e0 bf 12 49 14 63 66 8d 88 47 fa 11 3c 6b ce d5 |-49
166|2041513|58742917|9d 58 d7 4a 21 0c fb 1e e5 00 5f 32 e9 34 03 86 2d a8 e7 1a b1 5c 0b ee 75 50 6f 02 79 84 13 56 |-49
167|2053721|58755124|aa 01 6c db 7e c5 60 3f 92 c9 94 e3 e6 0d 08 c7 7a 91 bc eb 4e 55 b0 4f 62 59 e4 f3 b6 9d 58 d7 |-49
168|2065928|58764890|b7 aa 01 6c db 7e c5 60 3f 92 c9 94 e3 e6 0d 08 c7 7a 91 bc eb 4e 55 b0 4f 62 59 e4 f3 b6 9d 58 |-49
169|2078135|58777098|c4 53 96 fd 38 37 2a 81 ec 5b fe 45 e0 bf 12 49 14 63 66 8d 88 47 fa 11 3c 6b ce d5 30 cf e2 d9 |-49
170|2090343|58789793|d1 fc 2b 8e 95 f0 8f a2 99 24 33 f6 dd 98 17 8a 61 4c 3b 5e 25 40 9f 72 29 74 43 c6 6d e8 27 5a |-49
171|2102550|58801030|de a5 c0 1f f2 a9 f4 c3 46 ed 68 a7 da 71 1c cb ae 35 10 2f c2 39 44 d3 16 7d b8 b7 aa 01 6c db |-50
172|2114758|58815673|eb 4e 55 b0 4f 62 59 e4 f3 b6 9d 58 d7 4a 21 0c fb 1e e5 00 5f 32 e9 34 03 86 2d a8 e7 1a b1 5c |-50
173|2126965|58827392|f8 f7 ea 41 ac 1b be 05 a0 7f d2 09 d4 23 26 4d 48 07 ba d1 fc 2b 8e 95 f0 8f a2 99 24 33 f6 dd |-50
174|2139172|58839600|05 a0 7f d2 09 d4 23 26 4d 48 07 ba d1 fc 2b 8e 95 f0 8f a2 99 24 33 f6 dd 98 17 8a 61 4c 3b 5e |-51
176|2163587|58863038|4f 62 59 e4 f3 b6 9d 58 d7 4a 21 0c fb 1e e5 00 5f 32 e9 34 03 86 2d a8 e7 1a b1 5c 0b ee 75 50 |-51
177|2175794|58876710|5c 0b ee 75 50 6f 02 79 84 13 56 bd f8 f7 ea 41 ac 1b be 05 a0 7f d2 09 d4 23 26 4d 48 07 ba d1 |-51
178|2188002|58889406|69 b4 83 06 ad 28 67 9a 31 dc 8b 6e f5 d0 ef 82 f9 04 93 d6 3d 78 77 6a c1 2c 9b 3e 85 20 ff 52 |-51
179|2200209|58899660|76 5d 18 97 0a e1 cc bb de a5 c0 1f f2 a9 f4 c3 46 ed 68 a7 da 71 1c cb ae 35 10 2f c2 39 44 d3 |-51
180|2212417|58912844|83 06 ad 28 67 9a 31 dc 8b 6e f5 d0 ef 82 f9 04 93 d6 3d 78 77 6a c1 2c 9b 3e 85 20 ff 52 89 54 |-52
181|2224624|58923104|90 af 42 b9 c4 53 96 fd 38 37 2a 81 ec 5b fe 45 e0 bf 12 49 14 63 66 8d 88 47 fa 11 3c 6b ce d5 |-52
182|2236831|58935311|9d 58 d7 4a 21 0c fb 1e e5 00 5f 32 e9 34 03 86 2d a8 e7 1a b1 5c 0b ee 75 50 6f 02 79 84 13 56 |-52
183|2249039|58948490|aa 01 6c db 7e c5 60 3f 92 c9 94 e3 e6 0d 08 c7 7a 91 bc eb 4e 55 b0 4f 62 59 e4 f3 b6 9d 58 d7 |-52
185|2273454|58973881|c4 53 96 fd 38 37 2a 81 ec 5b fe 45 e0 bf 12 49 14 63 66 8d 88 47 fa 11 3c 6b ce d5 30 cf e2 d9 |-52
187|2297868|59002691|de a5 c0 1f f2 a9 f4 c3 46 ed 68 a7 da 71 1c cb ae 35 10 2f c2 39 44 d3 16 7d b8 b7 aa 01 6c db |-52
188|2310076|59008556|eb 4e 55 b0 4f 62 59 e4 f3 b6 9d 58 d7 4a 21 0c fb 1e e5 00 5f 32 e9 34 03 86 2d a8 e7 1a b1 5c |-52
189|2322283|59021246|f8 f7 ea 41 ac 1b be 05 a0 7f d2 09 d4 23 26 4d 48 07 ba d1 fc 2b 8e 95 f0 8f a2 99 24 33 f6 dd |-52
190|2334490|59034430|05 a0 7f d2 09 d4 23 26 4d 48 07 ba d1 fc 2b 8e 95 f0 8f a2 99 24 33 f6 dd 98 17 8a 61 4c 3b 5e |-52
191|2346698|59047614|12 49 14 63 66 8d 88 47 fa 11 3c 6b ce d5 30 cf e2 d9 64 73 36 1d d8 57 ca a1 8c 7b 9e 65 80 df |-52
192|2358905|59058357|ef 82 f9 04 93 d6 3d 78 77 6a c1 2c 9b 3e 85 20 ff 52 89 54 a3 a6 cd c8 87 3a 51 7c ab 0e 15 70 |-53
193|2371113|59069593|fc 2b 8e 95 f0 8f a2 99 24 33 f6 dd 98 17 8a 61 4c 3b 5e 25 40 9f 72 29 74 43 c6 6d e8 27 5a f1 |-52
194|2383320|59084237|09 d4 23 26 4d 48 07 ba d1 fc 2b 8e 95 f0 8f a2 99 24 33 f6 dd 98 17 8a 61 4c 3b 5e 25 40 9f 72 |-51
195|2395527|59096932|16 7d b8 b7 aa 01 6c db 7e c5 60 3f 92 c9 94 e3 e6 0d 08 c7 7a 91 bc eb 4e 55 b0 4f 62 59 e4 f3 |-51
196|2407735|59106698|23 26 4d 48 07 ba d1 fc 2b 8e 95 f0 8f a2 99 24 33 f6 dd 98 17 8a 61 4c 3b 5e 25 40 9f 72 29 74 |-51
197|2419942|59118423|30 cf e2 d9 64 73 36 1d d8 57 ca a1 8c 7b 9e 65 80 df b2 69 b4 83 06 ad 28 67 9a 31 dc 8b 6e f5 |-52
198|2432149|59133555|3d 78 77 6a c1 2c 9b 3e 85 20 ff 52 89 54 a3 a6 cd c8 87 3a 51 7c ab 0e 15 70 0f 22 19 a4 b3 76 |-52
199|2444357|59145762|4a 21 0c fb 1e e5 00 5f 32 e9 34 03 86 2d a8 e7 1a b1 5c 0b ee 75 50 6f 02 79 84 13 56 bd f8 f7 |-52
200|2456564|59157481|57 ca a1 8c 7b 9e 65 80 df b2 69 b4 83 06 ad 28 67 9a 31 dc 8b 6e f5 d0 ef 82 f9 04 93 d6 3d 78 |-52
201|2468772|59170177|64 73 36 1d d8 57 ca a1 8c 7b 9e 65 80 df b2 69 b4 83 06 ad 28 67 9a 31 dc 8b 6e f5 d0 ef 82 f9 |-52
202|2480979|59181896|71 1c cb ae 35 10 2f c2 39 44 d3 16 7d b8 b7 aa 01 6c db 7e c5 60 3f 92 c9 94 e3 e6 0d 08 c7 7a |-52
203|2493186|59193615|7e c5 60 3f 92 c9 94 e3 e6 0d 08 c7 7a 91 bc eb 4e 55 b0 4f 62 59 e4 f3 b6 9d 58 d7 4a 21 0c fb |-52
204|2505394|59205823|8b 6e f5 d0 ef 82 f9 04 93 d6 3d 78 77 6a c1 2c 9b 3e 85 20 ff 52 89 54 a3 a6 cd c8 87 3a 51 7c |-52
205|2517601|59216565|98 17 8a 61 4c 3b 5e 25 40 9f 72 29 74 43 c6 6d e8 27 5a f1 9c 4b 2e b5 90 af 42 b9 c4 53 96 fd |-52
206|2529809|59229261|a5 c0 1f f2 a9 f4 c3 46 ed 68 a7 da 71 1c cb ae 35 10 2f c2 39 44 d3 16 7d b8 b7 aa 01 6c db 7e |-52
207|2542016|59240497|b2 69 b4 83 06 ad 28 67 9a 31 dc 8b 6e f5 d0 ef 82 f9 04 93 d6 3d 78 77 6a c1 2c 9b 3e 85 20 ff |-52
208|2554223|59255629|ef 82 f9 04 93 d6 3d 78 77 6a c1 2c 9b 3e 85 20 ff 52 89 54 a3 a6 cd c8 87 3a 51 7c ab 0e 15 70 |-52
209|2566431|59264912|fc 2b 8e 95 f0 8f a2 99 24 33 f6 dd 98 17 8a 61 4c 3b 5e 25 40 9f 72 29 74 43 c6 6d e8 27 5a f1 |-52
210|2578638|59278579|09 d4 23 26 4d 48 07 ba d1 fc 2b 8e 95 f0 8f a2 99 24 33 f6 dd 98 17 8a 61 4c 3b 5e 25 40 9f 72 |-52
211|2590845|59289327|16 7d b8 b7 aa 01 6c db 7e c5 60 3f 92 c9 94 e3 e6 0d 08 c7 7a 91 bc eb 4e 55 b0 4f 62 59 e4 f3 |-52
212|2603053|59302506|23 26 4d 48 07 ba d1 fc 2b 8e 95 f0 8f a2 99 24 33 f6 dd 98 17 8a 61 4c 3b 5e 25 40 9f 72 29 74 |-52
213|2615260|59314713|30 cf e2 d9 64 73 36 1d d8 57 ca a1 8c 7b 9e 65 80 df b2 69 b4 83 06 ad 28 67 9a 31 dc 8b 6e f5 |-53
214|2627468|59327897|3d 78 77 6a c1 2c 9b 3e 85 20 ff 52 89 54 a3 a6 cd c8 87 3a 51 7c ab 0e 15 70 0f 22 19 a4 b3 76 |-53
215|2639675|59339616|4a 21 0c fb 1e e5 00 5f 32 e9 34 03 86 2d a8 e7 1a b1 5c 0b ee 75 50 6f 02 79 84 13 56 bd f8 f7 |-53
216|2651882|59350364|57 ca a1 8c 7b 9e 65 80 df b2 69 b4 83 06 ad 28 67 9a 31 dc 8b 6e f5 d0 ef 82 f9 04 93 d6 3d 78 |-53
217|2664090|59364519|64 73 36 1d d8 57 ca a1 8c 7b 9e 65 80 df b2 69 b4 83 06 ad 28 67 9a 31 dc 8b 6e f5 d0 ef 82 f9 |-53
218|2676297|59377703|71 1c cb ae 35 10 2f c2 39 44 d3 16 7d b8 b7 aa 01 6c db 7e c5 60 3f 92 c9 94 e3 e6 0d 08 c7 7a |-53
219|2688505|59387469|7e c5 60 3f 92 c9 94 e3 e6 0d 08 c7 7a 91 bc eb 4e 55 b0 4f 62 59 e4 f3 b6 9d 58 d7 4a 21 0c fb |-52
220|2700712|59400165|8b 6e f5 d0 ef 82 f9 04 93 d6 3d 78 77 6a c1 2c 9b 3e 85 20 ff 52 89 54 a3 a6 cd c8 87 3a 51 7c |-52
221|2712919|59413349|98 17 8a 61 4c 3b 5e 25 40 9f 72 29 74 43 c6 6d e8 27 5a f1 9c 4b 2e b5 90 af 42 b9 c4 53 96 fd |-52
222|2725127|59424092|a5 c0 1f f2 a9 f4 c3 46 ed 68 a7 da 71 1c cb ae 35 10 2f c2 39 44 d3 16 7d b8 b7 aa 01 6c db 7e |-52
223|2737334|59436299|b2 69 b4 83 06 ad 28 67 9a 31 dc 8b 6e f5 d0 ef 82 f9 04 93 d6 3d 78 77 6a c1 2c 9b 3e 85 20 ff |-52
224|2749541|59448507|8f a2 99 24 33 f6 dd 98 17 8a 61 4c 3b 5e 25 40 9f 72 29 74 43 c6 6d e8 27 5a f1 9c 4b 2e b5 90 |-52
225|2761749|59460714|9c 4b 2e b5 90 af 42 b9 c4 53 96 fd 38 37 2a 81 ec 5b fe 45 e0 bf 12 49 14 63 66 8d 88 47 fa 11 |-52
226|2773956|59473410|a9 f4 c3 46 ed 68 a7 da 71 1c cb ae 35 10 2f c2 39 44 d3 16 7d b8 b7 aa 01 6c db 7e c5 60 3f 92 |-52
227|2786164|59485129|b6 9d 58 d7 4a 21 0c fb 1e e5 00 5f 32 e9 34 03 86 2d a8 e7 1a b1 5c 0b ee 75 50 6f 02 79 84 13 |-52
228|2798371|59496853|c3 46 ed 68 a7 da 71 1c cb ae 35 10 2f c2 39 44 d3 16 7d b8 b7 aa 01 6c db 7e c5 60 3f 92 c9 94 |-52
229|2810578|59511497|d0 ef 82 f9 04 93 d6 3d 78 77 6a c1 2c 9b 3e 85 20 ff 52 89 54 a3 a6 cd c8 87 3a 51 7c ab 0e 15 |-52
230|2822786|59523216|dd 98 17 8a 61 4c 3b 5e 25 40 9f 72 29 74 43 c6 6d e8 27 5a f1 9c 4b 2e b5 90 af 42 b9 c4 53 96 |-52
231|2834993|59535423|ea 41 ac 1b be 05 a0 7f d2 09 d4 23 26 4d 48 07 ba d1 fc 2b 8e 95 f0 8f a2 99 24 33 f6 dd 98 17 |-52
232|2847200|59546654|f7 ea 41 ac 1b be 05 a0 7f d2 09 d4 23 26 4d 48 07 ba d1 fc 2b 8e 95 f0 8f a2 99 24 33 f6 dd 98 |-52
233|2859408|59558373|04 93 d6 3d 78 77 6a c1 2c 9b 3e 85 20 ff 52 89 54 a3 a6 cd c8 87 3a 51 7c ab 0e 15 70 0f 22 19 |-52
234|2871615|59573022|11 3c 6b ce d5 30 cf e2 d9 64 73 36 1d d8 57 ca a1 8c 7b 9e 65 80 df b2 69 b4 83 06 ad 28 67 9a |-52
235|2883823|59583277|1e e5 00 5f 32 e9 34 03 86 2d a8 e7 1a b1 5c 0b ee 75 50 6f 02 79 84 13 56 bd f8 f7 ea 41 ac 1b |-52
236|2896030|59596461|2b 8e 95 f0 8f a2 99 24 33 f6 dd 98 17 8a 61 4c 3b 5e 25 40 9f 72 29 74 43 c6 6d e8 27 5a f1 9c |-52
237|2908237|59606720|38 37 2a 81 ec 5b fe 45 e0 bf 12 49 14 63 66 8d 88 47 fa 11 3c 6b ce d5 30 cf e2 d9 64 73 36 1d |-52
238|2920445|59621364|45 e0 bf 12 49 14 63 66 8d 88 47 fa 11 3c 6b ce d5 30 cf e2 d9 64 73 36 1d d8 57 ca a1 8c 7b 9e |-52
239|2932652|59636989|52 89 54 a3 a6 cd c8 87 3a 51 7c ab 0e 15 70 0f 22 19 a4 b3 76 5d 18 97 0a e1 cc bb de a5 c0 1f |-52
240|2944860|59643343|8f a2 99 24 33 f6 dd 98 17 8a 61 4c 3b 5e 25 40 9f 72 29 74 43 c6 6d e8 27 5a f1 9c 4b 2e b5 90 |-52
241|2957067|59656033|9c 4b 2e b5 90 af 42 b9 c4 53 96 fd 38 37 2a 81 ec 5b fe 45 e0 bf 12 49 14 63 66 8d 88 47 fa 11 |-52
242|2969274|59668240|a9 f4 c3 46 ed 68 a7 da 71 1c cb ae 35 10 2f c2 39 44 d3 16 7d b8 b7 aa 01 6c db 7e c5 60 3f 92 |-52
243|2981482|59681424|b6 9d 58 d7 4a 21 0c fb 1e e5 00 5f 32 e9 34 03 86 2d a8 e7 1a b1 5c 0b ee 75 50 6f 02 79 84 13 |-52
244|2993689|59695097|c3 46 ed 68 a7 da 71 1c cb ae 35 10 2f c2 39 44 d3 16 7d b8 b7 aa 01 6c db 7e c5 60 3f 92 c9 94 |-52
245|3005896|59705351|d0 ef 82 f9 04 93 d6 3d 78 77 6a c1 2c 9b 3e 85 20 ff 52 89 54 a3 a6 cd c8 87 3a 51 7c ab 0e 15 |-52
246|3018104|59718535|dd 98 17 8a 61 4c 3b 5e 25 40 9f 72 29 74 43 c6 6d e8 27 5a f1 9c 4b 2e b5 90 af 42 b9 c4 53 96 |-52
248|3042519|59743926|f7 ea 41 ac 1b be 05 a0 7f d2 09 d4 23 26 4d 48 07 ba d1 fc 2b 8e 95 f0 8f a2 99 24 33 f6 dd 98 |-52
249|3054726|59753210|04 93 d6 3d 78 77 6a c1 2c 9b 3e 85 20 ff 52 89 54 a3 a6 cd c8 87 3a 51 7c ab 0e 15 70 0f 22 19 |-52
250|3066933|59768341|11 3c 6b ce d5 30 cf e2 d9 64 73 36 1d d8 57 ca a1 8c 7b 9e 65 80 df b2 69 b4 83 06 ad 28 67 9a |-52
251|3079141|59780060|1e e5 00 5f 32 e9 34 03 86 2d a8 e7 1a b1 5c 0b ee 75 50 6f 02 79 84 13 56 bd f8 f7 ea 41 ac 1b |-52
252|3091348|59791780|2b 8e 95 f0 8f a2 99 24 33 f6 dd 98 17 8a 61 4c 3b 5e 25 40 9f 72 29 74 43 c6 6d e8 27 5a f1 9c |-52
253|3103556|59803987|38 37 2a 81 ec 5b fe 45 e0 bf 12 49 14 63 66 8d 88 47 fa 11 3c 6b ce d5 30 cf e2 d9 64 73 36 1d |-52
254|3115763|59816683|45 e0 bf 12 49 14 63 66 8d 88 47 fa 11 3c 6b ce d5 30 cf e2 d9 64 73 36 1d d8 57 ca a1 8c 7b 9e |-52
255|3127970|59827425|52 89 54 a3 a6 cd c8 87 3a 51 7c ab 0e 15 70 0f 22 19 a4 b3 76 5d 18 97 0a e1 cc bb de a5 c0 1f |-52
0|3140178|59840609|2f c2 39 44 d3 16 7d b8 b7 aa 01 6c db 7e c5 60 3f 92 c9 94 e3 e6 0d 08 c7 7a 91 bc eb 4e 55 b0 |-52
1|3152385|59852329|3c 6b ce d5 30 cf e2 d9 64 73 36 1d d8 57 ca a1 8c 7b 9e 65 80 df b2 69 b4 83 06 ad 28 67 9a 31 |-52
2|3164592|59865024|49 14 63 66 8d 88 47 fa 11 3c 6b ce d5 30 cf e2 d9 64 73 36 1d d8 57 ca a1 8c 7b 9e 65 80 df b2 |-52
3|3176800|59875284|56 bd f8 f7 ea 41 ac 1b be 05 a0 7f d2 09 d4 23 26 4d 48 07 ba d1 fc 2b 8e 95 f0 8f a2 99 24 33 |-52
4|3189007|59889927|63 66 8d 88 47 fa 11 3c 6b ce d5 30 cf e2 d9 64 73 36 1d d8 57 ca a1 8c 7b 9e 65 80 df b2 69 b4 |-52
5|3201215|59901647|70 0f 22 19 a4 b3 76 5d 18 97 0a e1 cc bb de a5 c0 1f f2 a9 f4 c3 46 ed 68 a7 da 71 1c cb ae 35 |-52
6|3213422|59913366|7d b8 b7 aa 01 6c db 7e c5 60 3f 92 c9 94 e3 e6 0d 08 c7 7a 91 bc eb 4e 55 b0 4f 62 59 e4 f3 b6 |-52
7|3225629|59927038|8a 61 4c 3b 5e 25 40 9f 72 29 74 43 c6 6d e8 27 5a f1 9c 4b 2e b5 90 af 42 b9 c4 53 96 fd 38 37 |-52
8|3237837|59936804|97 0a e1 cc bb de a5 c0 1f f2 a9 f4 c3 46 ed 68 a7 da 71 1c cb ae 35 10 2f c2 39 44 d3 16 7d b8 |-52
9|3250044|59950476|a4 b3 76 5d 18 97 0a e1 cc bb de a5 c0 1f f2 a9 f4 c3 46 ed 68 a7 da 71 1c cb ae 35 10 2f c2 39 |-52
10|3262251|59963660|b1 5c 0b ee 75 50 6f 02 79 84 13 56 bd f8 f7 ea 41 ac 1b be 05 a0 7f d2 09 d4 23 26 4d 48 07 ba |-52
11|3274459|59973915|be 05 a0 7f d2 09 d4 23 26 4d 48 07 ba d1 fc 2b 8e 95 f0 8f a2 99 24 33 f6 dd 98 17 8a 61 4c 3b |-52
12|3286666|59986122|cb ae 35 10 2f c2 39 44 d3 16 7d b8 b7 aa 01 6c db 7e c5 60 3f 92 c9 94 e3 e6 0d 08 c7 7a 91 bc |-52
14|3311081|60011025|e5 00 5f 32 e9 34 03 86 2d a8 e7 1a b1 5c 0b ee 75 50 6f 02 79 84 13 56 bd f8 f7 ea 41 ac 1b be |-51
15|3323288|60021773|f2 a9 f4 c3 46 ed 68 a7 da 71 1c cb ae 35 10 2f c2 39 44 d3 16 7d b8 b7 aa 01 6c db 7e c5 60 3f |-51
16|3335496|60036417|2f c2 39 44 d3 16 7d b8 b7 aa 01 6c db 7e c5 60 3f 92 c9 94 e3 e6 0d 08 c7 7a 91 bc eb 4e 55 b0 |-50
17|3347703|60049112|3c 6b ce d5 30 cf e2 d9 64 73 36 1d d8 57 ca a1 8c 7b 9e 65 80 df b2 69 b4 83 06 ad 28 67 9a 31 |-50
18|3359911|60061320|49 14 63 66 8d 88 47 fa 11 3c 6b ce d5 30 cf e2 d9 64 73 36 1d d8 57 ca a1 8c 7b 9e 65 80 df b2 |-51
19|3372118|60071086|56 bd f8 f7 ea 41 ac 1b be 05 a0 7f d2 09 d4 23 26 4d 48 07 ba d1 fc 2b 8e 95 f0 8f a2 99 24 33 |-51
20|3384325|60086223|63 66 8d 88 47 fa 11 3c 6b ce d5 30 cf e2 d9 64 73 36 1d d8 57 ca a1 8c 7b 9e 65 80 df b2 69 b4 |-52
21|3396533|60095501|70 0f 22 19 a4 b3 76 5d 18 97 0a e1 cc bb de a5 c0 1f f2 a9 f4 c3 46 ed 68 a7 da 71 1c cb ae 35 |-53
22|3408740|60107708|7d b8 b7 aa 01 6c db 7e c5 60 3f 92 c9 94 e3 e6 0d 08 c7 7a 91 bc eb 4e 55 b0 4f 62 59 e4 f3 b6 |-52
24|3433155|60134564|97 0a e1 cc bb de a5 c0 1f f2 a9 f4 c3 46 ed 68 a7 da 71 1c cb ae 35 10 2f c2 39 44 d3 16 7d b8 |-51
25|3445362|60143848|a4 b3 76 5d 18 97 0a e1 cc bb de a5 c0 1f f2 a9 f4 c3 46 ed 68 a7 da 71 1c cb ae 35 10 2f c2 39 |-51
26|3457570|60157026|b1 5c 0b ee 75 50 6f 02 79 84 13 56 bd f8 f7 ea 41 ac 1b be 05 a0 7f d2 09 d4 23 26 4d 48 07 ba |-51
27|3469777|60171187|be 05 a0 7f d2 09 d4 23 26 4d 48 07 ba d1 fc 2b 8e 95 f0 8f a2 99 24 33 f6 dd 98 17 8a 61 4c 3b |-51
28|3481984|60181929|cb ae 35 10 2f c2 39 44 d3 16 7d b8 b7 aa 01 6c db 7e c5 60 3f 92 c9 94 e3 e6 0d 08 c7 7a 91 bc |-51
29|3494192|60195113|d8 57 ca a1 8c 7b 9e 65 80 df b2 69 b4 83 06 ad 28 67 9a 31 dc 8b 6e f5 d0 ef 82 f9 04 93 d6 3d |-51
30|3506399|60205367|e5 00 5f 32 e9 34 03 86 2d a8 e7 1a b1 5c 0b ee 75 50 6f 02 79 84 13 56 bd f8 f7 ea 41 ac 1b be |-51
31|3518606|60219528|f2 a9 f4 c3 46 ed 68 a7 da 71 1c cb ae 35 10 2f c2 39 44 d3 16 7d b8 b7 aa 01 6c db 7e c5 60 3f |-51
33|3543021|60242966|dc 8b 6e f5 d0 ef 82 f9 04 93 d6 3d 78 77 6a c1 2c 9b 3e 85 20 ff 52 89 54 a3 a6 cd c8 87 3a 51 |-51
34|3555229|60253714|e9 34 03 86 2d a8 e7 1a b1 5c 0b ee 75 50 6f 02 79 84 13 56 bd f8 f7 ea 41 ac 1b be 05 a0 7f d2 |-52
35|3567436|60268846|f6 dd 98 17 8a 61 4c 3b 5e 25 40 9f 72 29 74 43 c6 6d e8 27 5a f1 9c 4b 2e b5 90 af 42 b9 c4 53 |-51
36|3579643|60280077|03 86 2d a8 e7 1a b1 5c 0b ee 75 50 6f 02 79 84 13 56 bd f8 f7 ea 41 ac 1b be 05 a0 7f d2 09 d4 |-50
37|3591851|60291796|10 2f c2 39 44 d3 16 7d b8 b7 aa 01 6c db 7e c5 60 3f 92 c9 94 e3 e6 0d 08 c7 7a 91 bc eb 4e 55 |-50
38|3604058|60305469|1d d8 57 ca a1 8c 7b 9e 65 80 df b2 69 b4 83 06 ad 28 67 9a 31 dc 8b 6e f5 d0 ef 82 f9 04 93 d6 |-50
39|3616266|60315723|2a 81 ec 5b fe 45 e0 bf 12 49 14 63 66 8d 88 47 fa 11 3c 6b ce d5 30 cf e2 d9 64 73 36 1d d8 57 |-50
40|3628473|60326959|37 2a 81 ec 5b fe 45 e0 bf 12 49 14 63 66 8d 88 47 fa 11 3c 6b ce d5 30 cf e2 d9 64 73 36 1d d8 |-50
41|3640680|60340626|44 d3 16 7d b8 b7 aa 01 6c db 7e c5 60 3f 92 c9 94 e3 e6 0d 08 c7 7a 91 bc eb 4e 55 b0 4f 62 59 |-50
43|3665095|60365041|5e 25 40 9f 72 29 74 43 c6 6d e8 27 5a f1 9c 4b 2e b5 90 af 42 b9 c4 53 96 fd 38 37 2a 81 ec 5b |-49
44|3677302|60375789|6b ce d5 30 cf e2 d9 64 73 36 1d d8 57 ca a1 8c 7b 9e 65 80 df b2 69 b4 83 06 ad 28 67 9a 31 dc |-49
45|3689510|60387996|78 77 6a c1 2c 9b 3e 85 20 ff 52 89 54 a3 a6 cd c8 87 3a 51 7c ab 0e 15 70 0f 22 19 a4 b3 76 5d |-49
46|3701717|60402640|85 20 ff 52 89 54 a3 a6 cd c8 87 3a 51 7c ab 0e 15 70 0f 22 19 a4 b3 76 5d 18 97 0a e1 cc bb de |-49
47|3713925|60413871|92 c9 94 e3 e6 0d 08 c7 7a 91 bc eb 4e 55 b0 4f 62 59 e4 f3 b6 9d 58 d7 4a 21 0c fb 1e e5 00 5f |-49
48|3726132|60425101|cf e2 d9 64 73 36 1d d8 57 ca a1 8c 7b 9e 65 80 df b2 69 b4 83 06 ad 28 67 9a 31 dc 8b 6e f5 d0 |-49
49|3738339|60436826|dc 8b 6e f5 d0 ef 82 f9 04 93 d6 3d 78 77 6a c1 2c 9b 3e 85 20 ff 52 89 54 a3 a6 cd c8 87 3a 51 |-48
50|3750547|60449516|e9 34 03 86 2d a8 e7 1a b1 5c 0b ee 75 50 6f 02 79 84 13 56 bd f8 f7 ea 41 ac 1b be 05 a0 7f d2 |-48
51|3762754|60461724|f6 dd 98 17 8a 61 4c 3b 5e 25 40 9f 72 29 74 43 c6 6d e8 27 5a f1 9c 4b 2e b5 90 af 42 b9 c4 53 |-49
52|3774961|60473448|03 86 2d a8 e7 1a b1 5c 0b ee 75 50 6f 02 79 84 13 56 bd f8 f7 ea 41 ac 1b be 05 a0 7f d2 09 d4 |-49
54|3799376|60499811|1d d8 57 ca a1 8c 7b 9e 65 80 df b2 69 b4 83 06 ad 28 67 9a 31 dc 8b 6e f5 d0 ef 82 f9 04 93 d6 |-49
55|3811584|60511530|2a 81 ec 5b fe 45 e0 bf 12 49 14 63 66 8d 88 47 fa 11 3c 6b ce d5 30 cf e2 d9 64 73 36 1d d8 57 |-49
56|3823791|60524226|37 2a 81 ec 5b fe 45 e0 bf 12 49 14 63 66 8d 88 47 fa 11 3c 6b ce d5 30 cf e2 d9 64 73 36 1d d8 |-49
57|3835998|60536433|44 d3 16 7d b8 b7 aa 01 6c db 7e c5 60 3f 92 c9 94 e3 e6 0d 08 c7 7a 91 bc eb 4e 55 b0 4f 62 59 |-49
58|3848206|60547664|51 7c ab 0e 15 70 0f 22 19 a4 b3 76 5d 18 97 0a e1 cc bb de a5 c0 1f f2 a9 f4 c3 46 ed 68 a7 da |-49
59|3860413|60559383|5e 25 40 9f 72 29 74 43 c6 6d e8 27 5a f1 9c 4b 2e b5 90 af 42 b9 c4 53 96 fd 38 37 2a 81 ec 5b |-49
60|3872621|60573055|6b ce d5 30 cf e2 d9 64 73 36 1d d8 57 ca a1 8c 7b 9e 65 80 df b2 69 b4 83 06 ad 28 67 9a 31 dc |-50
61|3884828|60584286|78 77 6a c1 2c 9b 3e 85 20 ff 52 89 54 a3 a6 cd c8 87 3a 51 7c ab 0e 15 70 0f 22 19 a4 b3 76 5d |-50
62|3897035|60597470|85 20 ff 52 89 54 a3 a6 cd c8 87 3a 51 7c ab 0e 15 70 0f 22 19 a4 b3 76 5d 18 97 0a e1 cc bb de |-50
63|3909243|60610654|92 c9 94 e3 e6 0d 08 c7 7a 91 bc eb 4e 55 b0 4f 62 59 e4 f3 b6 9d 58 d7 4a 21 0c fb 1e e5 00 5f |-49
64|3921450|60619938|6f 02 79 84 13 56 bd f8 f7 ea 41 ac 1b be 05 a0 7f d2 09 d4 23 26 4d 48 07 ba d1 fc 2b 8e 95 f0 |-49
65|3933657|60632145|7c ab 0e 15 70 0f 22 19 a4 b3 76 5d 18 97 0a e1 cc bb de a5 c0 1f f2 a9 f4 c3 46 ed 68 a7 da 71 |-49
66|3945865|60644352|89 54 a3 a6 cd c8 87 3a 51 7c ab 0e 15 70 0f 22 19 a4 b3 76 5d 18 97 0a e1 cc bb de a5 c0 1f f2 |-49
67|3958072|60657531|96 fd 38 37 2a 81 ec 5b fe 45 e0 bf 12 49 14 63 66 8d 88 47 fa 11 3c 6b ce d5 30 cf e2 d9 64 73 |-49
68|3970280|60670227|a3 a6 cd c8 87 3a 51 7c ab 0e 15 70 0f 22 19 a4 b3 76 5d 18 97 0a e1 cc bb de a5 c0 1f f2 a9 f4 |-49
69|3982487|60680975|b0 4f 62 59 e4 f3 b6 9d 58 d7 4a 21 0c fb 1e e5 00 5f 32 e9 34 03 86 2d a8 e7 1a b1 5c 0b ee 75 |-49
70|3994694|60694153|bd f8 f7 ea 41 ac 1b be 05 a0 7f d2 09 d4 23 26 4d 48 07 ba d1 fc 2b 8e 95 f0 8f a2 99 24 33 f6 |-49
71|4006902|60708314|ca a1 8c 7b 9e 65 80 df b2 69 b4 83 06 ad 28 67 9a 31 dc 8b 6e f5 d0 ef 82 f9 04 93 d6 3d 78 77 |-48
72|4019109|60719056|d7 4a 21 0c fb 1e e5 00 5f 32 e9 34 03 86 2d a8 e7 1a b1 5c 0b ee 75 50 6f 02 79 84 13 56 bd f8 |-48
73|4031317|60729804|e4 f3 b6 9d 58 d7 4a 21 0c fb 1e e5 00 5f 32 e9 34 03 86 2d a8 e7 1a b1 5c 0b ee 75 50 6f 02 79 |-48
74|4043524|60743960|f1 9c 4b 2e b5 90 af 42 b9 c4 53 96 fd 38 37 2a 81 ec 5b fe 45 e0 bf 12 49 14 63 66 8d 88 47 fa |-49
75|4055731|60756655|fe 45 e0 bf 12 49 14 63 66 8d 88 47 fa 11 3c 6b ce d5 30 cf e2 d9 64 73 36 1d d8 57 ca a1 8c 7b |-49
76|4067939|60766910|0b ee 75 50 6f 02 79 84 13 56 bd f8 f7 ea 41 ac 1b be 05 a0 7f d2 09 d4 23 26 4d 48 07 ba d1 fc |-50
77|4080146|60781558|18 97 0a e1 cc bb de a5 c0 1f f2 a9 f4 c3 46 ed 68 a7 da 71 1c cb ae 35 10 2f c2 39 44 d3 16 7d |-51
79|4104561|60803532|32 e9 34 03 86 2d a8 e7 1a b1 5c 0b ee 75 50 6f 02 79 84 13 56 bd f8 f7 ea 41 ac 1b be 05 a0 7f |-50
80|4116768|60816228|6f 02 79 84 13 56 bd f8 f7 ea 41 ac 1b be 05 a0 7f d2 09 d4 23 26 4d 48 07 ba d1 fc 2b 8e 95 f0 |-49
81|4128976|60830388|7c ab 0e 15 70 0f 22 19 a4 b3 76 5d 18 97 0a e1 cc bb de a5 c0 1f f2 a9 f4 c3 46 ed 68 a7 da 71 |-50
82|4141183|60842596|89 54 a3 a6 cd c8 87 3a 51 7c ab 0e 15 70 0f 22 19 a4 b3 76 5d 18 97 0a e1 cc bb de a5 c0 1f f2 |-50
83|4153390|60853826|96 fd 38 37 2a 81 ec 5b fe 45 e0 bf 12 49 14 63 66 8d 88 47 fa 11 3c 6b ce d5 30 cf e2 d9 64 73 |-50
84|4165598|60866034|a3 a6 cd c8 87 3a 51 7c ab 0e 15 70 0f 22 19 a4 b3 76 5d 18 97 0a e1 cc bb de a5 c0 1f f2 a9 f4 |-51
85|4177805|60876776|b0 4f 62 59 e4 f3 b6 9d 58 d7 4a 21 0c fb 1e e5 00 5f 32 e9 34 03 86 2d a8 e7 1a b1 5c 0b ee 75 |-50
86|4190012|60891425|bd f8 f7 ea 41 ac 1b be 05 a0 7f d2 09 d4 23 26 4d 48 07 ba d1 fc 2b 8e 95 f0 8f a2 99 24 33 f6 |-50
87|4202220|60903145|ca a1 8c 7b 9e 65 80 df b2 69 b4 83 06 ad 28 67 9a 31 dc 8b 6e f5 d0 ef 82 f9 04 93 d6 3d 78 77 |-50
88|4214427|60915352|d7 4a 21 0c fb 1e e5 00 5f 32 e9 34 03 86 2d a8 e7 1a b1 5c 0b ee 75 50 6f 02 79 84 13 56 bd f8 |-50
90|4238842|60937331|f1 9c 4b 2e b5 90 af 42 b9 c4 53 96 fd 38 37 2a 81 ec 5b fe 45 e0 bf 12 49 14 63 66 8d 88 47 fa |-49
91|4251049|60950998|fe 45 e0 bf 12 49 14 63 66 8d 88 47 fa 11 3c 6b ce d5 30 cf e2 d9 64 73 36 1d d8 57 ca a1 8c 7b |-49
92|4263257|60963205|0b ee 75 50 6f 02 79 84 13 56 bd f8 f7 ea 41 ac 1b be 05 a0 7f d2 09 d4 23 26 4d 48 07 ba d1 fc |-50
93|4275464|60976389|18 97 0a e1 cc bb de a5 c0 1f f2 a9 f4 c3 46 ed 68 a7 da 71 1c cb ae 35 10 2f c2 39 44 d3 16 7d |-50
94|4287672|60986643|25 40 9f 72 29 74 43 c6 6d e8 27 5a f1 9c 4b 2e b5 90 af 42 b9 c4 53 96 fd 38 37 2a 81 ec 5b fe |-51
95|4299879|60999339|32 e9 34 03 86 2d a8 e7 1a b1 5c 0b ee 75 50 6f 02 79 84 13 56 bd f8 f7 ea 41 ac 1b be 05 a0 7f |-51
96|4312086|61013011|0f 22 19 a4 b3 76 5d 18 97 0a e1 cc bb de a5 c0 1f f2 a9 f4 c3 46 ed 68 a7 da 71 1c cb ae 35 10 |-51
97|4324294|61023266|1c cb ae 35 10 2f c2 39 44 d3 16 7d b8 b7 aa 01 6c db 7e c5 60 3f 92 c9 94 e3 e6 0d 08 c7 7a 91 |-51
98|4336501|61035473|29 74 43 c6 6d e8 27 5a f1 9c 4b 2e b5 90 af 42 b9 c4 53 96 fd 38 37 2a 81 ec 5b fe 45 e0 bf 12 |-51
99|4348708|61048657|36 1d d8 57 ca a1 8c 7b 9e 65 80 df b2 69 b4 83 06 ad 28 67 9a 31 dc 8b 6e f5 d0 ef 82 f9 04 93 |-51
100|4360916|61059888|43 c6 6d e8 27 5a f1 9c 4b 2e b5 90 af 42 b9 c4 53 96 fd 38 37 2a 81 ec 5b fe 45 e0 bf 12 49 14 |-51
101|4373123|61072584|50 6f 02 79 84 13 56 bd f8 f7 ea 41 ac 1b be 05 a0 7f d2 09 d4 23 26 4d 48 07 ba d1 fc 2b 8e 95 |-50
102|4385331|61085279|5d 18 97 0a e1 cc bb de a5 c0 1f f2 a9 f4 c3 46 ed 68 a7 da 71 1c cb ae 35 10 2f c2 39 44 d3 16 |-51
103|4397538|61097487|6a c1 2c 9b 3e 85 20 ff 52 89 54 a3 a6 cd c8 87 3a 51 7c ab 0e 15 70 0f 22 19 a4 b3 76 5d 18 97 |-51
104|4409745|61109694|77 6a c1 2c 9b 3e 85 20 ff 52 89 54 a3 a6 cd c8 87 3a 51 7c ab 0e 15 70 0f 22 19 a4 b3 76 5d 18 |-51
105|4421953|61121413|84 13 56 bd f8 f7 ea 41 ac 1b be 05 a0 7f d2 09 d4 23 26 4d 48 07 ba d1 fc 2b 8e 95 f0 8f a2 99 |-51
106|4434160|61137527|91 bc eb 4e 55 b0 4f 62 59 e4 f3 b6 9d 58 d7 4a 21 0c fb 1e e5 00 5f 32 e9 34 03 86 2d a8 e7 1a |-51
107|4446367|61147782|9e 65 80 df b2 69 b4 83 06 ad 28 67 9a 31 dc 8b 6e f5 d0 ef 82 f9 04 93 d6 3d 78 77 6a c1 2c 9b |-51
109|4470782|61169755|b8 b7 aa 01 6c db 7e c5 60 3f 92 c9 94 e3 e6 0d 08 c7 7a 91 bc eb 4e 55 b0 4f 62 59 e4 f3 b6 9d |-51
110|4482990|61183427|c5 60 3f 92 c9 94 e3 e6 0d 08 c7 7a 91 bc eb 4e 55 b0 4f 62 59 e4 f3 b6 9d 58 d7 4a 21 0c fb 1e |-51
111|4495197|61194170|d2 09 d4 23 26 4d 48 07 ba d1 fc 2b 8e 95 f0 8f a2 99 24 33 f6 dd 98 17 8a 61 4c 3b 5e 25 40 9f |-50
112|4507404|61208330|0f 22 19 a4 b3 76 5d 18 97 0a e1 cc bb de a5 c0 1f f2 a9 f4 c3 46 ed 68 a7 da 71 1c cb ae 35 10 |-51
113|4519612|61220538|1c cb ae 35 10 2f c2 39 44 d3 16 7d b8 b7 aa 01 6c db 7e c5 60 3f 92 c9 94 e3 e6 0d 08 c7 7a 91 |-51
114|4531819|61231280|29 74 43 c6 6d e8 27 5a f1 9c 4b 2e b5 90 af 42 b9 c4 53 96 fd 38 37 2a 81 ec 5b fe 45 e0 bf 12 |-51
115|4544027|61242517|36 1d d8 57 ca a1 8c 7b 9e 65 80 df b2 69 b4 83 06 ad 28 67 9a 31 dc 8b 6e f5 d0 ef 82 f9 04 93 |-50
116|4556234|61255695|43 c6 6d e8 27 5a f1 9c 4b 2e b5 90 af 42 b9 c4 53 96 fd 38 37 2a 81 ec 5b fe 45 e0 bf 12 49 14 |-50
117|4568441|61268879|50 6f 02 79 84 13 56 bd f8 f7 ea 41 ac 1b be 05 a0 7f d2 09 d4 23 26 4d 48 07 ba d1 fc 2b 8e 95 |-50
118|4580649|61280598|5d 18 97 0a e1 cc bb de a5 c0 1f f2 a9 f4 c3 46 ed 68 a7 da 71 1c cb ae 35 10 2f c2 39 44 d3 16 |-50
119|4592856|61292318|6a c1 2c 9b 3e 85 20 ff 52 89 54 a3 a6 cd c8 87 3a 51 7c ab 0e 15 70 0f 22 19 a4 b3 76 5d 18 97 |-51
120|4605063|61305990|77 6a c1 2c 9b 3e 85 20 ff 52 89 54 a3 a6 cd c8 87 3a 51 7c ab 0e 15 70 0f 22 19 a4 b3 76 5d 18 |-50
121|4617271|61317221|84 13 56 bd f8 f7 ea 41 ac 1b be 05 a0 7f d2 09 d4 23 26 4d 48 07 ba d1 fc 2b 8e 95 f0 8f a2 99 |-50
123|4641686|61341147|9e 65 80 df b2 69 b4 83 06 ad 28 67 9a 31 dc 8b 6e f5 d0 ef 82 f9 04 93 d6 3d 78 77 6a c1 2c 9b |-50
124|4653893|61353355|ab 0e 15 70 0f 22 19 a4 b3 76 5d 18 97 0a e1 cc bb de a5 c0 1f f2 a9 f4 c3 46 ed 68 a7 da 71 1c |-50
125|4666100|61367027|b8 b7 aa 01 6c db 7e c5 60 3f 92 c9 94 e3 e6 0d 08 c7 7a 91 bc eb 4e 55 b0 4f 62 59 e4 f3 b6 9d |-50
126|4678308|61379723|c5 60 3f 92 c9 94 e3 e6 0d 08 c7 7a 91 bc eb 4e 55 b0 4f 62 59 e4 f3 b6 9d 58 d7 4a 21 0c fb 1e |-50
127|4690515|61389489|d2 09 d4 23 26 4d 48 07 ba d1 fc 2b 8e 95 f0 8f a2 99 24 33 f6 dd 98 17 8a 61 4c 3b 5e 25 40 9f |-50
128|4702723|61402673|af 42 b9 c4 53 96 fd 38 37 2a 81 ec 5b fe 45 e0 bf 12 49 14 63 66 8d 88 47 fa 11 3c 6b ce d5 30 |-50
129|4714930|61413421|bc eb 4e 55 b0 4f 62 59 e4 f3 b6 9d 58 d7 4a 21 0c fb 1e e5 00 5f 32 e9 34 03 86 2d a8 e7 1a b1 |-50
130|4727137|61427088|c9 94 e3 e6 0d 08 c7 7a 91 bc eb 4e 55 b0 4f 62 59 e4 f3 b6 9d 58 d7 4a 21 0c fb 1e e5 00 5f 32 |-50
131|4739345|61440760|d6 3d 78 77 6a c1 2c 9b 3e 85 20 ff 52 89 54 a3 a6 cd c8 87 3a 51 7c ab 0e 15 70 0f 22 19 a4 b3 |-50
132|4751552|61450043|e3 e6 0d 08 c7 7a 91 bc eb 4e 55 b0 4f 62 59 e4 f3 b6 9d 58 d7 4a 21 0c fb 1e e5 00 5f 32 e9 34 |-50
133|4763759|61465175|f0 8f a2 99 24 33 f6 dd 98 17 8a 61 4c 3b 5e 25 40 9f 72 29 74 43 c6 6d e8 27 5a f1 9c 4b 2e b5 |-50
134|4775967|61476406|fd 38 37 2a 81 ec 5b fe 45 e0 bf 12 49 14 63 66 8d 88 47 fa 11 3c 6b ce d5 30 cf e2 d9 64 73 36 |-50
135|4788174|61486665|0a e1 cc bb de a5 c0 1f f2 a9 f4 c3 46 ed 68 a7 da 71 1c cb ae 35 10 2f c2 39 44 d3 16 7d b8 b7 |-50
136|4800382|61501797|17 8a 61 4c 3b 5e 25 40 9f 72 29 74 43 c6 6d e8 27 5a f1 9c 4b 2e b5 90 af 42 b9 c4 53 96 fd 38 |-50
137|4812589|61511563|24 33 f6 dd 98 17 8a 61 4c 3b 5e 25 40 9f 72 29 74 43 c6 6d e8 27 5a f1 9c 4b 2e b5 90 af 42 b9 |-50
138|4824796|61525235|31 dc 8b 6e f5 d0 ef 82 f9 04 93 d6 3d 78 77 6a c1 2c 9b 3e 85 20 ff 52 89 54 a3 a6 cd c8 87 3a |-50
139|4837004|61535978|3e 85 20 ff 52 89 54 a3 a6 cd c8 87 3a 51 7c ab 0e 15 70 0f 22 19 a4 b3 76 5d 18 97 0a e1 cc bb |-50
140|4849211|61548674|4b 2e b5 90 af 42 b9 c4 53 96 fd 38 37 2a 81 ec 5b fe 45 e0 bf 12 49 14 63 66 8d 88 47 fa 11 3c |-50
141|4861418|61562834|58 d7 4a 21 0c fb 1e e5 00 5f 32 e9 34 03 86 2d a8 e7 1a b1 5c 0b ee 75 50 6f 02 79 84 13 56 bd |-50
142|4873626|61573089|65 80 df b2 69 b4 83 06 ad 28 67 9a 31 dc 8b 6e f5 d0 ef 82 f9 04 93 d6 3d 78 77 6a c1 2c 9b 3e |-50
143|4885833|61584325|72 29 74 43 c6 6d e8 27 5a f1 9c 4b 2e b5 90 af 42 b9 c4 53 96 fd 38 37 2a 81 ec 5b fe 45 e0 bf |-50
144|4898041|61597503|af 42 b9 c4 53 96 fd 38 37 2a 81 ec 5b fe 45 e0 bf 12 49 14 63 66 8d 88 47 fa 11 3c 6b ce d5 30 |-51
145|4910248|61611176|bc eb 4e 55 b0 4f 62 59 e4 f3 b6 9d 58 d7 4a 21 0c fb 1e e5 00 5f 32 e9 34 03 86 2d a8 e7 1a b1 |-50
146|4922455|61622407|c9 94 e3 e6 0d 08 c7 7a 91 bc eb 4e 55 b0 4f 62 59 e4 f3 b6 9d 58 d7 4a 21 0c fb 1e e5 00 5f 32 |-51
147|4934663|61635102|d6 3d 78 77 6a c1 2c 9b 3e 85 20 ff 52 89 54 a3 a6 cd c8 87 3a 51 7c ab 0e 15 70 0f 22 19 a4 b3 |-50
148|4946870|61648286|e3 e6 0d 08 c7 7a 91 bc eb 4e 55 b0 4f 62 59 e4 f3 b6 9d 58 d7 4a 21 0c fb 1e e5 00 5f 32 e9 34 |-51
149|4959078|61658052|f0 8f a2 99 24 33 f6 dd 98 17 8a 61 4c 3b 5e 25 40 9f 72 29 74 43 c6 6d e8 27 5a f1 9c 4b 2e b5 |-51
150|4971285|61672213|fd 38 37 2a 81 ec 5b fe 45 e0 bf 12 49 14 63 66 8d 88 47 fa 11 3c 6b ce d5 30 cf e2 d9 64 73 36 |-51
151|4983492|61682467|0a e1 cc bb de a5 c0 1f f2 a9 f4 c3 46 ed 68 a7 da 71 1c cb ae 35 10 2f c2 39 44 d3 16 7d b8 b7 |-51
152|4995700|61694675|17 8a 61 4c 3b 5e 25 40 9f 72 29 74 43 c6 6d e8 27 5a f1 9c 4b 2e b5 90 af 42 b9 c4 53 96 fd 38 |-50
153|5007907|61707859|24 33 f6 dd 98 17 8a 61 4c 3b 5e 25 40 9f 72 29 74 43 c6 6d e8 27 5a f1 9c 4b 2e b5 90 af 42 b9 |-50
154|5020114|61719089|31 dc 8b 6e f5 d0 ef 82 f9 04 93 d6 3d 78 77 6a c1 2c 9b 3e 85 20 ff 52 89 54 a3 a6 cd c8 87 3a |-50
155|5032322|61732762|3e 85 20 ff 52 89 54 a3 a6 cd c8 87 3a 51 7c ab 0e 15 70 0f 22 19 a4 b3 76 5d 18 97 0a e1 cc bb |-50
156|5044529|61745458|4b 2e b5 90 af 42 b9 c4 53 96 fd 38 37 2a 81 ec 5b fe 45 e0 bf 12 49 14 63 66 8d 88 47 fa 11 3c |-50
157|5056737|61758153|58 d7 4a 21 0c fb 1e e5 00 5f 32 e9 34 03 86 2d a8 e7 1a b1 5c 0b ee 75 50 6f 02 79 84 13 56 bd |-50
158|5068944|61768408|65 80 df b2 69 b4 83 06 ad 28 67 9a 31 dc 8b 6e f5 d0 ef 82 f9 04 93 d6 3d 78 77 6a c1 2c 9b 3e |-50
159|5081151|61779644|72 29 74 43 c6 6d e8 27 5a f1 9c 4b 2e b5 90 af 42 b9 c4 53 96 fd 38 37 2a 81 ec 5b fe 45 e0 bf |-51
160|5093359|61793311|4f 62 59 e4 f3 b6 9d 58 d7 4a 21 0c fb 1e e5 00 5f 32 e9 34 03 86 2d a8 e7 1a b1 5c 0b ee 75 50 |-51
161|5105566|61804059|5c 0b ee 75 50 6f 02 79 84 13 56 bd f8 f7 ea 41 ac 1b be 05 a0 7f d2 09 d4 23 26 4d 48 07 ba d1 |-51
162|5117773|61817726|69 b4 83 06 ad 28 67 9a 31 dc 8b 6e f5 d0 ef 82 f9 04 93 d6 3d 78 77 6a c1 2c 9b 3e 85 20 ff 52 |-51
163|5129981|61829445|76 5d 18 97 0a e1 cc bb de a5 c0 1f f2 a9 f4 c3 46 ed 68 a7 da 71 1c cb ae 35 10 2f c2 39 44 d3 |-51
164|5142188|61843117|83 06 ad 28 67 9a 31 dc 8b 6e f5 d0 ef 82 f9 04 93 d6 3d 78 77 6a c1 2c 9b 3e 85 20 ff 52 89 54 |-50
165|5154396|61855324|90 af 42 b9 c4 53 96 fd 38 37 2a 81 ec 5b fe 45 e0 bf 12 49 14 63 66 8d 88 47 fa 11 3c 6b ce d5 |-50
166|5166603|61866555|9d 58 d7 4a 21 0c fb 1e e5 00 5f 32 e9 34 03 86 2d a8 e7 1a b1 5c 0b ee 75 50 6f 02 79 84 13 56 |-51
167|5178810|61877303|aa 01 6c db 7e c5 60 3f 92 c9 94 e3 e6 0d 08 c7 7a 91 bc eb 4e 55 b0 4f 62 59 e4 f3 b6 9d 58 d7 |-50
168|5191018|61889511|b7 aa 01 6c db 7e c5 60 3f 92 c9 94 e3 e6 0d 08 c7 7a 91 bc eb 4e 55 b0 4f 62 59 e4 f3 b6 9d 58 |-50
169|5203225|61901718|c4 53 96 fd 38 37 2a 81 ec 5b fe 45 e0 bf 12 49 14 63 66 8d 88 47 fa 11 3c 6b ce d5 30 cf e2 d9 |-50
170|5215433|61916850|d1 fc 2b 8e 95 f0 8f a2 99 24 33 f6 dd 98 17 8a 61 4c 3b 5e 25 40 9f 72 29 74 43 c6 6d e8 27 5a |-50
171|5227640|61928569|de a5 c0 1f f2 a9 f4 c3 46 ed 68 a7 da 71 1c cb ae 35 10 2f c2 39 44 d3 16 7d b8 b7 aa 01 6c db |-51
172|5239847|61941265|eb 4e 55 b0 4f 62 59 e4 f3 b6 9d 58 d7 4a 21 0c fb 1e e5 00 5f 32 e9 34 03 86 2d a8 e7 1a b1 5c |-52
173|5252055|61950548|f8 f7 ea 41 ac 1b be 05 a0 7f d2 09 d4 23 26 4d 48 07 ba d1 fc 2b 8e 95 f0 8f a2 99 24 33 f6 dd |-50
174|5264262|61963726|05 a0 7f d2 09 d4 23 26 4d 48 07 ba d1 fc 2b 8e 95 f0 8f a2 99 24 33 f6 dd 98 17 8a 61 4c 3b 5e |-52
175|5276469|61975934|12 49 14 63 66 8d 88 47 fa 11 3c 6b ce d5 30 cf e2 d9 64 73 36 1d d8 57 ca a1 8c 7b 9e 65 80 df |-53
176|5288677|61989118|4f 62 59 e4 f3 b6 9d 58 d7 4a 21 0c fb 1e e5 00 5f 32 e9 34 03 86 2d a8 e7 1a b1 5c 0b ee 75 50 |-52
177|5300884|62000837|5c 0b ee 75 50 6f 02 79 84 13 56 bd f8 f7 ea 41 ac 1b be 05 a0 7f d2 09 d4 23 26 4d 48 07 ba d1 |-51
178|5313092|62011585|69 b4 83 06 ad 28 67 9a 31 dc 8b 6e f5 d0 ef 82 f9 04 93 d6 3d 78 77 6a c1 2c 9b 3e 85 20 ff 52 |-51
179|5325299|62023793|76 5d 18 97 0a e1 cc bb de a5 c0 1f f2 a9 f4 c3 46 ed 68 a7 da 71 1c cb ae 35 10 2f c2 39 44 d3 |-50
180|5337506|62037948|83 06 ad 28 67 9a 31 dc 8b 6e f5 d0 ef 82 f9 04 93 d6 3d 78 77 6a c1 2c 9b 3e 85 20 ff 52 89 54 |-50
181|5349714|62050155|90 af 42 b9 c4 53 96 fd 38 37 2a 81 ec 5b fe 45 e0 bf 12 49 14 63 66 8d 88 47 fa 11 3c 6b ce d5 |-50
182|5361921|62060415|9d 58 d7 4a 21 0c fb 1e e5 00 5f 32 e9 34 03 86 2d a8 e7 1a b1 5c 0b ee 75 50 6f 02 79 84 13 56 |-50
183|5374129|62074082|aa 01 6c db 7e c5 60 3f 92 c9 94 e3 e6 0d 08 c7 7a 91 bc eb 4e 55 b0 4f 62 59 e4 f3 b6 9d 58 d7 |-50
184|5386336|62086777|b7 aa 01 6c db 7e c5 60 3f 92 c9 94 e3 e6 0d 08 c7 7a 91 bc eb 4e 55 b0 4f 62 59 e4 f3 b6 9d 58 |-50
186|5410751|62111681|d1 fc 2b 8e 95 f0 8f a2 99 24 33 f6 dd 98 17 8a 61 4c 3b 5e 25 40 9f 72 29 74 43 c6 6d e8 27 5a |-50
187|5422958|62123888|de a5 c0 1f f2 a9 f4 c3 46 ed 68 a7 da 71 1c cb ae 35 10 2f c2 39 44 d3 16 7d b8 b7 aa 01 6c db |-50
188|5435165|62133659|eb 4e 55 b0 4f 62 59 e4 f3 b6 9d 58 d7 4a 21 0c fb 1e e5 00 5f 32 e9 34 03 86 2d a8 e7 1a b1 5c |-50
189|5447373|62147815|f8 f7 ea 41 ac 1b be 05 a0 7f d2 09 d4 23 26 4d 48 07 ba d1 fc 2b 8e 95 f0 8f a2 99 24 33 f6 dd |-50
190|5459580|62160022|05 a0 7f d2 09 d4 23 26 4d 48 07 ba d1 fc 2b 8e 95 f0 8f a2 99 24 33 f6 dd 98 17 8a 61 4c 3b 5e |-50
191|5471788|62172229|12 49 14 63 66 8d 88 47 fa 11 3c 6b ce d5 30 cf e2 d9 64 73 36 1d d8 57 ca a1 8c 7b 9e 65 80 df |-50
192|5483995|62182972|ef 82 f9 04 93 d6 3d 78 77 6a c1 2c 9b 3e 85 20 ff 52 89 54 a3 a6 cd c8 87 3a 51 7c ab 0e 15 70 |-50
193|5496202|62195179|fc 2b 8e 95 f0 8f a2 99 24 33 f6 dd 98 17 8a 61 4c 3b 5e 25 40 9f 72 29 74 43 c6 6d e8 27 5a f1 |-50
194|5508410|62207875|09 d4 23 26 4d 48 07 ba d1 fc 2b 8e 95 f0 8f a2 99 24 33 f6 dd 98 17 8a 61 4c 3b 5e 25 40 9f 72 |-50
195|5520617|62221059|16 7d b8 b7 aa 01 6c db 7e c5 60 3f 92 c9 94 e3 e6 0d 08 c7 7a 91 bc eb 4e 55 b0 4f 62 59 e4 f3 |-50
196|5532824|62233267|23 26 4d 48 07 ba d1 fc 2b 8e 95 f0 8f a2 99 24 33 f6 dd 98 17 8a 61 4c 3b 5e 25 40 9f 72 29 74 |-50
197|5545032|62244009|30 cf e2 d9 64 73 36 1d d8 57 ca a1 8c 7b 9e 65 80 df b2 69 b4 83 06 ad 28 67 9a 31 dc 8b 6e f5 |-50
198|5557239|62258170|3d 78 77 6a c1 2c 9b 3e 85 20 ff 52 89 54 a3 a6 cd c8 87 3a 51 7c ab 0e 15 70 0f 22 19 a4 b3 76 |-50
199|5569447|62268424|4a 21 0c fb 1e e5 00 5f 32 e9 34 03 86 2d a8 e7 1a b1 5c 0b ee 75 50 6f 02 79 84 13 56 bd f8 f7 |-50
200|5581654|62282585|57 ca a1 8c 7b 9e 65 80 df b2 69 b4 83 06 ad 28 67 9a 31 dc 8b 6e f5 d0 ef 82 f9 04 93 d6 3d 78 |-50
201|5593861|62294304|64 73 36 1d d8 57 ca a1 8c 7b 9e 65 80 df b2 69 b4 83 06 ad 28 67 9a 31 dc 8b 6e f5 d0 ef 82 f9 |-50
202|5606069|62305535|71 1c cb ae 35 10 2f c2 39 44 d3 16 7d b8 b7 aa 01 6c db 7e c5 60 3f 92 c9 94 e3 e6 0d 08 c7 7a |-50
203|5618276|62316771|7e c5 60 3f 92 c9 94 e3 e6 0d 08 c7 7a 91 bc eb 4e 55 b0 4f 62 59 e4 f3 b6 9d 58 d7 4a 21 0c fb |-50
204|5630484|62331903|8b 6e f5 d0 ef 82 f9 04 93 d6 3d 78 77 6a c1 2c 9b 3e 85 20 ff 52 89 54 a3 a6 cd c8 87 3a 51 7c |-50
205|5642691|62344110|98 17 8a 61 4c 3b 5e 25 40 9f 72 29 74 43 c6 6d e8 27 5a f1 9c 4b 2e b5 90 af 42 b9 c4 53 96 fd |-50
206|5654898|62356318|a5 c0 1f f2 a9 f4 c3 46 ed 68 a7 da 71 1c cb ae 35 10 2f c2 39 44 d3 16 7d b8 b7 aa 01 6c db 7e |-50
207|5667106|62367548|b2 69 b4 83 06 ad 28 67 9a 31 dc 8b 6e f5 d0 ef 82 f9 04 93 d6 3d 78 77 6a c1 2c 9b 3e 85 20 ff |-50
208|5679313|62380244|ef 82 f9 04 93 d6 3d 78 77 6a c1 2c 9b 3e 85 20 ff 52 89 54 a3 a6 cd c8 87 3a 51 7c ab 0e 15 70 |-50
209|5691520|62391475|fc 2b 8e 95 f0 8f a2 99 24 33 f6 dd 98 17 8a 61 4c 3b 5e 25 40 9f 72 29 74 43 c6 6d e8 27 5a f1 |-50
210|5703728|62403682|09 d4 23 26 4d 48 07 ba d1 fc 2b 8e 95 f0 8f a2 99 24 33 f6 dd 98 17 8a 61 4c 3b 5e 25 40 9f 72 |-50
211|5715935|62417355|16 7d b8 b7 aa 01 6c db 7e c5 60 3f 92 c9 94 e3 e6 0d 08 c7 7a 91 bc eb 4e 55 b0 4f 62 59 e4 f3 |-50
212|5728143|62429074|23 26 4d 48 07 ba d1 fc 2b 8e 95 f0 8f a2 99 24 33 f6 dd 98 17 8a 61 4c 3b 5e 25 40 9f 72 29 74 |-50
213|5740350|62440305|30 cf e2 d9 64 73 36 1d d8 57 ca a1 8c 7b 9e 65 80 df b2 69 b4 83 06 ad 28 67 9a 31 dc 8b 6e f5 |-50
214|5752557|62453000|3d 78 77 6a c1 2c 9b 3e 85 20 ff 52 89 54 a3 a6 cd c8 87 3a 51 7c ab 0e 15 70 0f 22 19 a4 b3 76 |-50
215|5764765|62466185|4a 21 0c fb 1e e5 00 5f 32 e9 34 03 86 2d a8 e7 1a b1 5c 0b ee 75 50 6f 02 79 84 13 56 bd f8 f7 |-50
216|5776972|62476927|57 ca a1 8c 7b 9e 65 80 df b2 69 b4 83 06 ad 28 67 9a 31 dc 8b 6e f5 d0 ef 82 f9 04 93 d6 3d 78 |-50
217|5789179|62487675|64 73 36 1d d8 57 ca a1 8c 7b 9e 65 80 df b2 69 b4 83 06 ad 28 67 9a 31 dc 8b 6e f5 d0 ef 82 f9 |-50
218|5801387|62501830|71 1c cb ae 35 10 2f c2 39 44 d3 16 7d b8 b7 aa 01 6c db 7e c5 60 3f 92 c9 94 e3 e6 0d 08 c7 7a |-51
219|5813594|62512573|7e c5 60 3f 92 c9 94 e3 e6 0d 08 c7 7a 91 bc eb 4e 55 b0 4f 62 59 e4 f3 b6 9d 58 d7 4a 21 0c fb |-50
220|5825802|62524780|8b 6e f5 d0 ef 82 f9 04 93 d6 3d 78 77 6a c1 2c 9b 3e 85 20 ff 52 89 54 a3 a6 cd c8 87 3a 51 7c |-50
221|5838009|62538941|98 17 8a 61 4c 3b 5e 25 40 9f 72 29 74 43 c6 6d e8 27 5a f1 9c 4b 2e b5 90 af 42 b9 c4 53 96 fd |-50
222|5850216|62550172|a5 c0 1f f2 a9 f4 c3 46 ed 68 a7 da 71 1c cb ae 35 10 2f c2 39 44 d3 16 7d b8 b7 aa 01 6c db 7e |-50
223|5862424|62560920|b2 69 b4 83 06 ad 28 67 9a 31 dc 8b 6e f5 d0 ef 82 f9 04 93 d6 3d 78 77 6a c1 2c 9b 3e 85 20 ff |-50
225|5886839|62591677|9c 4b 2e b5 90 af 42 b9 c4 53 96 fd 38 37 2a 81 ec 5b fe 45 e0 bf 12 49 14 63 66 8d 88 47 fa 11 |-50
226|5899046|62599490|a9 f4 c3 46 ed 68 a7 da 71 1c cb ae 35 10 2f c2 39 44 d3 16 7d b8 b7 aa 01 6c db 7e c5 60 3f 92 |-50
227|5911253|62610232|b6 9d 58 d7 4a 21 0c fb 1e e5 00 5f 32 e9 34 03 86 2d a8 e7 1a b1 5c 0b ee 75 50 6f 02 79 84 13 |-50
228|5923461|62623905|c3 46 ed 68 a7 da 71 1c cb ae 35 10 2f c2 39 44 d3 16 7d b8 b7 aa 01 6c db 7e c5 60 3f 92 c9 94 |-50
229|5935668|62635624|d0 ef 82 f9 04 93 d6 3d 78 77 6a c1 2c 9b 3e 85 20 ff 52 89 54 a3 a6 cd c8 87 3a 51 7c ab 0e 15 |-50
230|5947875|62647343|dd 98 17 8a 61 4c 3b 5e 25 40 9f 72 29 74 43 c6 6d e8 27 5a f1 9c 4b 2e b5 90 af 42 b9 c4 53 96 |-50
231|5960083|62659550|ea 41 ac 1b be 05 a0 7f d2 09 d4 23 26 4d 48 07 ba d1 fc 2b 8e 95 f0 8f a2 99 24 33 f6 dd 98 17 |-50
232|5972290|62672246|f7 ea 41 ac 1b be 05 a0 7f d2 09 d4 23 26 4d 48 07 ba d1 fc 2b 8e 95 f0 8f a2 99 24 33 f6 dd 98 |-50
233|5984498|62684942|04 93 d6 3d 78 77 6a c1 2c 9b 3e 85 20 ff 52 89 54 a3 a6 cd c8 87 3a 51 7c ab 0e 15 70 0f 22 19 |-50
234|5996705|62697638|11 3c 6b ce d5 30 cf e2 d9 64 73 36 1d d8 57 ca a1 8c 7b 9e 65 80 df b2 69 b4 83 06 ad 28 67 9a |-50
235|6008912|62710333|1e e5 00 5f 32 e9 34 03 86 2d a8 e7 1a b1 5c 0b ee 75 50 6f 02 79 84 13 56 bd f8 f7 ea 41 ac 1b |-50
236|6021120|62720099|2b 8e 95 f0 8f a2 99 24 33 f6 dd 98 17 8a 61 4c 3b 5e 25 40 9f 72 29 74 43 c6 6d e8 27 5a f1 9c |-50
237|6033327|62732307|38 37 2a 81 ec 5b fe 45 e0 bf 12 49 14 63 66 8d 88 47 fa 11 3c 6b ce d5 30 cf e2 d9 64 73 36 1d |-50
238|6045534|62746467|45 e0 bf 12 49 14 63 66 8d 88 47 fa 11 3c 6b ce d5 30 cf e2 d9 64 73 36 1d d8 57 ca a1 8c 7b 9e |-51
239|6057742|62758186|52 89 54 a3 a6 cd c8 87 3a 51 7c ab 0e 15 70 0f 22 19 a4 b3 76 5d 18 97 0a e1 cc bb de a5 c0 1f |-50
240|6069949|62768446|8f a2 99 24 33 f6 dd 98 17 8a 61 4c 3b 5e 25 40 9f 72 29 74 43 c6 6d e8 27 5a f1 9c 4b 2e b5 90 |-51
241|6082157|62780653|9c 4b 2e b5 90 af 42 b9 c4 53 96 fd 38 37 2a 81 ec 5b fe 45 e0 bf 12 49 14 63 66 8d 88 47 fa 11 |-52
242|6094364|62793832|a9 f4 c3 46 ed 68 a7 da 71 1c cb ae 35 10 2f c2 39 44 d3 16 7d b8 b7 aa 01 6c db 7e c5 60 3f 92 |-51
243|6106571|62807016|b6 9d 58 d7 4a 21 0c fb 1e e5 00 5f 32 e9 34 03 86 2d a8 e7 1a b1 5c 0b ee 75 50 6f 02 79 84 13 |-51
244|6118779|62818247|c3 46 ed 68 a7 da 71 1c cb ae 35 10 2f c2 39 44 d3 16 7d b8 b7 aa 01 6c db 7e c5 60 3f 92 c9 94 |-49
245|6130986|62830454|d0 ef 82 f9 04 93 d6 3d 78 77 6a c1 2c 9b 3e 85 20 ff 52 89 54 a3 a6 cd c8 87 3a 51 7c ab 0e 15 |-50
246|6143194|62841691|dd 98 17 8a 61 4c 3b 5e 25 40 9f 72 29 74 43 c6 6d e8 27 5a f1 9c 4b 2e b5 90 af 42 b9 c4 53 96 |-50
247|6155401|62854381|ea 41 ac 1b be 05 a0 7f d2 09 d4 23 26 4d 48 07 ba d1 fc 2b 8e 95 f0 8f a2 99 24 33 f6 dd 98 17 |-50
248|6167608|62866106|f7 ea 41 ac 1b be 05 a0 7f d2 09 d4 23 26 4d 48 07 ba d1 fc 2b 8e 95 f0 8f a2 99 24 33 f6 dd 98 |-50
249|6179816|62880261|04 93 d6 3d 78 77 6a c1 2c 9b 3e 85 20 ff 52 89 54 a3 a6 cd c8 87 3a 51 7c ab 0e 15 70 0f 22 19 |-49
250|6192023|62892468|11 3c 6b ce d5 30 cf e2 d9 64 73 36 1d d8 57 ca a1 8c 7b 9e 65 80 df b2 69 b4 83 06 ad 28 67 9a |-49
251|6204230|62905652|1e e5 00 5f 32 e9 34 03 86 2d a8 e7 1a b1 5c 0b ee 75 50 6f 02 79 84 13 56 bd f8 f7 ea 41 ac 1b |-50
252|6216438|62916395|2b 8e 95 f0 8f a2 99 24 33 f6 dd 98 17 8a 61 4c 3b 5e 25 40 9f 72 29 74 43 c6 6d e8 27 5a f1 9c |-49
253|6228645|62927626|38 37 2a 81 ec 5b fe 45 e0 bf 12 49 14 63 66 8d 88 47 fa 11 3c 6b ce d5 30 cf e2 d9 64 73 36 1d |-49
254|6240853|62939833|45 e0 bf 12 49 14 63 66 8d 88 47 fa 11 3c 6b ce d5 30 cf e2 d9 64 73 36 1d d8 57 ca a1 8c 7b 9e |-49
255|6253060|62954482|52 89 54 a3 a6 cd c8 87 3a 51 7c ab 0e 15 70 0f 22 19 a4 b3 76 5d 18 97 0a e1 cc bb de a5 c0 1f |-50
0|6265267|62966689|2f c2 39 44 d3 16 7d b8 b7 aa 01 6c db 7e c5 60 3f 92 c9 94 e3 e6 0d 08 c7 7a 91 bc eb 4e 55 b0 |-50
1|6277475|62976944|3c 6b ce d5 30 cf e2 d9 64 73 36 1d d8 57 ca a1 8c 7b 9e 65 80 df b2 69 b4 83 06 ad 28 67 9a 31 |-50
2|6289682|62989151|49 14 63 66 8d 88 47 fa 11 3c 6b ce d5 30 cf e2 d9 64 73 36 1d d8 57 ca a1 8c 7b 9e 65 80 df b2 |-49
3|6301890|63000387|56 bd f8 f7 ea 41 ac 1b be 05 a0 7f d2 09 d4 23 26 4d 48 07 ba d1 fc 2b 8e 95 f0 8f a2 99 24 33 |-49
4|6314097|63014542|63 66 8d 88 47 fa 11 3c 6b ce d5 30 cf e2 d9 64 73 36 1d d8 57 ca a1 8c 7b 9e 65 80 df b2 69 b4 |-50
5|6326304|63025285|70 0f 22 19 a4 b3 76 5d 18 97 0a e1 cc bb de a5 c0 1f f2 a9 f4 c3 46 ed 68 a7 da 71 1c cb ae 35 |-50
6|6338512|63038469|7d b8 b7 aa 01 6c db 7e c5 60 3f 92 c9 94 e3 e6 0d 08 c7 7a 91 bc eb 4e 55 b0 4f 62 59 e4 f3 b6 |-50
7|6350719|63051653|8a 61 4c 3b 5e 25 40 9f 72 29 74 43 c6 6d e8 27 5a f1 9c 4b 2e b5 90 af 42 b9 c4 53 96 fd 38 37 |-49
8|6362926|63063372|97 0a e1 cc bb de a5 c0 1f f2 a9 f4 c3 46 ed 68 a7 da 71 1c cb ae 35 10 2f c2 39 44 d3 16 7d b8 |-49
9|6375134|63076068|a4 b3 76 5d 18 97 0a e1 cc bb de a5 c0 1f f2 a9 f4 c3 46 ed 68 a7 da 71 1c cb ae 35 10 2f c2 39 |-49
10|6387341|63087299|b1 5c 0b ee 75 50 6f 02 79 84 13 56 bd f8 f7 ea 41 ac 1b be 05 a0 7f d2 09 d4 23 26 4d 48 07 ba |-50
12|6411756|63113179|cb ae 35 10 2f c2 39 44 d3 16 7d b8 b7 aa 01 6c db 7e c5 60 3f 92 c9 94 e3 e6 0d 08 c7 7a 91 bc |-49
13|6423963|63122462|d8 57 ca a1 8c 7b 9e 65 80 df b2 69 b4 83 06 ad 28 67 9a 31 dc 8b 6e f5 d0 ef 82 f9 04 93 d6 3d |-50
15|6448378|63148824|f2 a9 f4 c3 46 ed 68 a7 da 71 1c cb ae 35 10 2f c2 39 44 d3 16 7d b8 b7 aa 01 6c db 7e c5 60 3f |-49
16|6460585|63159084|2f c2 39 44 d3 16 7d b8 b7 aa 01 6c db 7e c5 60 3f 92 c9 94 e3 e6 0d 08 c7 7a 91 bc eb 4e 55 b0 |-50
17|6472793|63172751|3c 6b ce d5 30 cf e2 d9 64 73 36 1d d8 57 ca a1 8c 7b 9e 65 80 df b2 69 b4 83 06 ad 28 67 9a 31 |-50
18|6485000|63184470|49 14 63 66 8d 88 47 fa 11 3c 6b ce d5 30 cf e2 d9 64 73 36 1d d8 57 ca a1 8c 7b 9e 65 80 df b2 |-49
19|6497208|63198142|56 bd f8 f7 ea 41 ac 1b be 05 a0 7f d2 09 d4 23 26 4d 48 07 ba d1 fc 2b 8e 95 f0 8f a2 99 24 33 |-50
20|6509415|63210350|63 66 8d 88 47 fa 11 3c 6b ce d5 30 cf e2 d9 64 73 36 1d d8 57 ca a1 8c 7b 9e 65 80 df b2 69 b4 |-50
21|6521622|63220121|70 0f 22 19 a4 b3 76 5d 18 97 0a e1 cc bb de a5 c0 1f f2 a9 f4 c3 46 ed 68 a7 da 71 1c cb ae 35 |-50
22|6533830|63234765|7d b8 b7 aa 01 6c db 7e c5 60 3f 92 c9 94 e3 e6 0d 08 c7 7a 91 bc eb 4e 55 b0 4f 62 59 e4 f3 b6 |-50
23|6546037|63244536|8a 61 4c 3b 5e 25 40 9f 72 29 74 43 c6 6d e8 27 5a f1 9c 4b 2e b5 90 af 42 b9 c4 53 96 fd 38 37 |-50
24|6558245|63257715|97 0a e1 cc bb de a5 c0 1f f2 a9 f4 c3 46 ed 68 a7 da 71 1c cb ae 35 10 2f c2 39 44 d3 16 7d b8 |-50
25|6570452|63271875|a4 b3 76 5d 18 97 0a e1 cc bb de a5 c0 1f f2 a9 f4 c3 46 ed 68 a7 da 71 1c cb ae 35 10 2f c2 39 |-50
26|6582659|63282618|b1 5c 0b ee 75 50 6f 02 79 84 13 56 bd f8 f7 ea 41 ac 1b be 05 a0 7f d2 09 d4 23 26 4d 48 07 ba |-50
27|6594867|63296290|be 05 a0 7f d2 09 d4 23 26 4d 48 07 ba d1 fc 2b 8e 95 f0 8f a2 99 24 33 f6 dd 98 17 8a 61 4c 3b |-49
28|6607074|63305573|cb ae 35 10 2f c2 39 44 d3 16 7d b8 b7 aa 01 6c db 7e c5 60 3f 92 c9 94 e3 e6 0d 08 c7 7a 91 bc |-49
29|6619281|63318264|d8 57 ca a1 8c 7b 9e 65 80 df b2 69 b4 83 06 ad 28 67 9a 31 dc 8b 6e f5 d0 ef 82 f9 04 93 d6 3d |-49
30|6631489|63331447|e5 00 5f 32 e9 34 03 86 2d a8 e7 1a b1 5c 0b ee 75 50 6f 02 79 84 13 56 bd f8 f7 ea 41 ac 1b be |-49
